epoch,train_loss,train_accuracy,test_loss,test_accuracy,f1_score,mcc,confusion_matrix
0,,,1.0595455020666122,52.5,0.44252173913043485,0.2998397533649625,"[[ 0 11  0 31]
 [ 0 86  0 11]
 [ 0  7  0 21]
 [ 0 14  0 19]]"
1,,,1.0083232372999191,51.5,0.4565058876811594,0.3415404289772276,"[[ 0  3  0 39]
 [ 0 79  0 18]
 [ 0  4  0 24]
 [ 0  9  0 24]]"
2,,,0.9955061823129654,50.5,0.4553200768775872,0.3692012194675546,"[[ 0  2  0 40]
 [ 0 72  0 25]
 [ 0  3  0 25]
 [ 0  4  0 29]]"
3,,,0.973511129617691,51.0,0.4491965811965812,0.3242947193078792,"[[ 0  3  0 39]
 [ 0 79  0 18]
 [ 0  6  0 22]
 [ 0 10  0 23]]"
4,,,0.9757822304964066,52.5,0.44349945828819065,0.3043765740229922,"[[ 0 11  0 31]
 [ 0 85  0 12]
 [ 0  7  0 21]
 [ 0 13  0 20]]"
5,,,1.0503084510564804,53.0,0.4050999101930849,0.22897009323481815,"[[ 0 27  0 15]
 [ 0 95  0  2]
 [ 0 21  0  7]
 [ 0 22  0 11]]"
6,,,0.9258419126272202,51.5,0.45485685110245455,0.3386277763510432,"[[ 0  3  0 39]
 [ 0 79  0 18]
 [ 0  5  0 23]
 [ 0  9  0 24]]"
7,,,0.9373786002397537,51.5,0.4471745921555016,0.31655834897174917,"[[ 0  6  0 36]
 [ 0 81  0 16]
 [ 0  6  0 22]
 [ 0 11  0 22]]"
8,,,1.0164243429899216,48.0,0.4441212121212121,0.3749562701934606,"[[ 0  0  0 42]
 [ 0 65  0 32]
 [ 0  1  0 27]
 [ 0  2  0 31]]"
9,,,1.1334922760725021,52.0,0.3912535803522458,0.19810390377893308,"[[ 0 31  0 11]
 [ 0 95  0  2]
 [ 0 22  0  6]
 [ 0 24  0  9]]"
10,,,1.0044122338294983,53.5,0.4234340449866565,0.26310352790999925,"[[ 0 18  0 24]
 [ 0 93  0  4]
 [ 0 17  0 11]
 [ 0 19  0 14]]"
11,,,0.936938151717186,50.5,0.45498888888888883,0.3622356213290908,"[[ 0  2  0 40]
 [ 0 73  0 24]
 [ 0  3  0 25]
 [ 0  5  0 28]]"
12,,,0.9498400390148163,52.0,0.443275597973371,0.3099337101637086,"[[ 0 10  0 32]
 [ 0 82  0 15]
 [ 0  7  0 21]
 [ 0 11  0 22]]"
13,,,0.9290802478790283,51.0,0.44761117879987816,0.3214894581554256,"[[ 0  4  0 38]
 [ 0 79  0 18]
 [ 0  6  0 22]
 [ 0 10  0 23]]"
14,,,1.1264227330684662,52.5,0.4025494505494505,0.22006470268295938,"[[ 0 26  0 16]
 [ 0 94  0  3]
 [ 0 21  0  7]
 [ 0 22  0 11]]"
15,,,0.9876828044652939,54.5,0.4501002358490566,0.31633871898890664,"[[ 0 11  0 31]
 [ 0 91  0  6]
 [ 0 10  0 18]
 [ 0 15  0 18]]"
16,,,0.9325806498527527,51.5,0.4565058876811594,0.3415404289772276,"[[ 0  3  0 39]
 [ 0 79  0 18]
 [ 0  4  0 24]
 [ 0  9  0 24]]"
17,,,0.9616799056529999,52.0,0.443275597973371,0.3099337101637086,"[[ 0 10  0 32]
 [ 0 82  0 15]
 [ 0  7  0 21]
 [ 0 11  0 22]]"
18,,,0.9338177293539047,51.5,0.45485685110245455,0.3386277763510432,"[[ 0  3  0 39]
 [ 0 79  0 18]
 [ 0  5  0 23]
 [ 0  9  0 24]]"
19,,,0.9755669981241226,52.0,0.44027182603133996,0.29796901742487775,"[[ 0 11  0 31]
 [ 0 84  0 13]
 [ 0  7  0 21]
 [ 0 13  0 20]]"
20,,,0.9884702265262604,55.0,0.45319365079365087,0.3233828134332049,"[[ 0 11  0 31]
 [ 0 92  0  5]
 [ 0 10  0 18]
 [ 0 15  0 18]]"
21,,,0.9655274301767349,51.5,0.44057294174289846,0.3372484371398373,"[[ 0  6 36  0]
 [ 0 81 16  0]
 [ 0  6 22  0]
 [ 0 11 22  0]]"
22,,,0.9419286549091339,51.0,0.45815322850451656,0.36086144367485634,"[[ 0  2  0 40]
 [ 0 75  0 22]
 [ 0  3  0 25]
 [ 0  6  0 27]]"
23,,,0.9462306648492813,51.0,0.45080882352941176,0.3271335677156747,"[[ 0  3  0 39]
 [ 0 79  0 18]
 [ 0  5  0 23]
 [ 0 10  0 23]]"
24,,,0.9900270849466324,53.5,0.44512889700693264,0.3045320642012566,"[[ 0 11  0 31]
 [ 0 89  0  8]
 [ 0  9  0 19]
 [ 0 15  0 18]]"
25,,,0.9779255837202072,53.0,0.4467096358362875,0.31083732370807116,"[[ 0 11  0 31]
 [ 0 86  0 11]
 [ 0  7  0 21]
 [ 0 13  0 20]]"
26,,,0.9848185181617737,52.5,0.4465755044136192,0.31615621438923014,"[[ 0 10  0 32]
 [ 0 83  0 14]
 [ 0  7  0 21]
 [ 0 11  0 22]]"
27,,,0.9559813439846039,51.5,0.4471745921555016,0.31655834897174917,"[[ 0  6  0 36]
 [ 0 81  0 16]
 [ 0  6  0 22]
 [ 0 11  0 22]]"
28,,,0.9414378106594086,51.0,0.45815322850451656,0.36086144367485634,"[[ 0  2  0 40]
 [ 0 75  0 22]
 [ 0  3  0 25]
 [ 0  6  0 27]]"
29,,,0.9440136253833771,51.5,0.4471745921555016,0.31655834897174917,"[[ 0  6  0 36]
 [ 0 81  0 16]
 [ 0  6  0 22]
 [ 0 11  0 22]]"
30,,,0.939653679728508,51.0,0.45815322850451656,0.36086144367485634,"[[ 0  2  0 40]
 [ 0 75  0 22]
 [ 0  3  0 25]
 [ 0  6  0 27]]"
31,,,0.943560853600502,51.5,0.4509762986145567,0.32733088329753923,"[[ 0  4  0 38]
 [ 0 80  0 17]
 [ 0  6  0 22]
 [ 0 10  0 23]]"
32,,,0.9600908309221268,51.5,0.4442096893060781,0.31135300042297576,"[[ 0  7  0 35]
 [ 0 81  0 16]
 [ 0  7  0 21]
 [ 0 11  0 22]]"
33,,,0.9367548376321793,51.5,0.4509762986145567,0.32733088329753923,"[[ 0  4  0 38]
 [ 0 80  0 17]
 [ 0  6  0 22]
 [ 0 10  0 23]]"
0,,,0.6732034680415999,62.78486798935362,0.5376479640391355,0.4260259694668839,"[[    0     0 15648  4925]
 [    0     0 11919  6606]
 [    0     0 20663  6413]
 [    0     0  4965 64494]]"
1,,,0.6677137168370327,62.860808210391276,0.5391906457597072,0.4297454248619954,"[[    0     0 15889  4684]
 [    0     0 12054  6471]
 [    0     0 20959  6117]
 [    0     0  5158 64301]]"
2,,,0.6695173539783594,62.87039289848341,0.5404078727367138,0.4323790625378943,"[[    0     1 16135  4437]
 [    0     5 12302  6218]
 [    0     3 21154  5919]
 [    0     1  5344 64114]]"
0,,,1.3187797963619232,47.5,0.44077191386108583,0.3825774576606565,"[[ 0  0 42  0]
 [ 0 68 29  0]
 [ 0  1 27  0]
 [ 0  2 31  0]]"
1,,,1.2679307758808136,48.5,0.3168013468013468,0.0,"[[ 0 42  0  0]
 [ 0 97  0  0]
 [ 0 28  0  0]
 [ 0 33  0  0]]"
2,,,1.2325244843959808,48.5,0.3168013468013468,0.0,"[[ 0 42  0  0]
 [ 0 97  0  0]
 [ 0 28  0  0]
 [ 0 33  0  0]]"
3,,,1.174742192029953,48.5,0.3168013468013468,0.0,"[[ 0 42  0  0]
 [ 0 97  0  0]
 [ 0 28  0  0]
 [ 0 33  0  0]]"
4,,,1.0992790460586548,48.5,0.3168013468013468,0.0,"[[ 0 42  0  0]
 [ 0 97  0  0]
 [ 0 28  0  0]
 [ 0 33  0  0]]"
5,,,1.0668782591819763,53.0,0.41525211958946895,0.24566215492406307,"[[ 0 22  0 20]
 [ 0 93  0  4]
 [ 0 17  0 11]
 [ 0 20  0 13]]"
6,,,1.0634030401706696,49.0,0.32757750397456276,0.08060292065912932,"[[ 0 42  0  0]
 [ 0 97  0  0]
 [ 0 28  0  0]
 [ 0 32  0  1]]"
7,,,1.024493619799614,50.5,0.4553200768775872,0.3692012194675546,"[[ 0  2  0 40]
 [ 0 72  0 25]
 [ 0  3  0 25]
 [ 0  4  0 29]]"
8,,,1.015551581978798,51.0,0.44536959607196286,0.3132666310848695,"[[ 0  5  0 37]
 [ 0 80  0 17]
 [ 0  6  0 22]
 [ 0 11  0 22]]"
9,,,1.1428918689489365,48.5,0.3168013468013468,0.0,"[[ 0 42  0  0]
 [ 0 97  0  0]
 [ 0 28  0  0]
 [ 0 33  0  0]]"
10,,,1.0154586136341095,52.5,0.44349945828819065,0.3043765740229922,"[[ 0 11  0 31]
 [ 0 85  0 12]
 [ 0  7  0 21]
 [ 0 13  0 20]]"
11,,,1.0044254809617996,53.0,0.4467096358362875,0.31083732370807116,"[[ 0 11  0 31]
 [ 0 86  0 11]
 [ 0  7  0 21]
 [ 0 13  0 20]]"
12,,,0.9837309569120407,50.5,0.458961038961039,0.37638161293064026,"[[ 0  1  0 41]
 [ 0 72  0 25]
 [ 0  2  0 26]
 [ 0  4  0 29]]"
13,,,0.9685384631156921,51.0,0.45815322850451656,0.36086144367485634,"[[ 0  2  0 40]
 [ 0 75  0 22]
 [ 0  3  0 25]
 [ 0  6  0 27]]"
14,,,0.9982892423868179,53.5,0.4287623310193643,0.27275015908288863,"[[ 0 15  0 27]
 [ 0 92  0  5]
 [ 0 16  0 12]
 [ 0 18  0 15]]"
15,,,1.0055675357580185,54.0,0.42993333022518526,0.2774127483042142,"[[ 0 16  0 26]
 [ 0 93  0  4]
 [ 0 17  0 11]
 [ 0 18  0 15]]"
16,,,0.9668921232223511,51.0,0.46515381218722396,0.4003411767507578,"[[ 0  1  0 41]
 [ 0 71  0 26]
 [ 0  1  0 27]
 [ 0  2  0 31]]"
17,,,0.9993883371353149,51.5,0.4471745921555016,0.31655834897174917,"[[ 0  6  0 36]
 [ 0 81  0 16]
 [ 0  6  0 22]
 [ 0 11  0 22]]"
18,,,0.9602193981409073,52.5,0.4465755044136192,0.31615621438923014,"[[ 0 10  0 32]
 [ 0 83  0 14]
 [ 0  7  0 21]
 [ 0 11  0 22]]"
19,,,0.9695485234260559,53.5,0.4464090909090909,0.30660790723291004,"[[ 0 11  0 31]
 [ 0 89  0  8]
 [ 0  8  0 20]
 [ 0 15  0 18]]"
20,,,0.9502642601728439,51.5,0.4471745921555016,0.31655834897174917,"[[ 0  6  0 36]
 [ 0 81  0 16]
 [ 0  6  0 22]
 [ 0 11  0 22]]"
21,,,0.9475506544113159,50.5,0.4553200768775872,0.3692012194675546,"[[ 0  2  0 40]
 [ 0 72  0 25]
 [ 0  3  0 25]
 [ 0  4  0 29]]"
22,,,1.0510385036468506,52.0,0.3912535803522458,0.19810390377893308,"[[ 0 31  0 11]
 [ 0 95  0  2]
 [ 0 22  0  6]
 [ 0 24  0  9]]"
23,,,0.961082249879837,50.5,0.458961038961039,0.37638161293064026,"[[ 0  1  0 41]
 [ 0 72  0 25]
 [ 0  2  0 26]
 [ 0  4  0 29]]"
24,,,1.0117183774709702,54.0,0.430875,0.27898143738005626,"[[ 0 16  0 26]
 [ 0 93  0  4]
 [ 0 16  0 12]
 [ 0 18  0 15]]"
25,,,1.0028910636901855,53.5,0.42255702280912366,0.26158032606596676,"[[ 0 19  0 23]
 [ 0 93  0  4]
 [ 0 17  0 11]
 [ 0 19  0 14]]"
26,,,0.9527474790811539,51.5,0.442766106442577,0.30879306116679633,"[[ 0  8  0 34]
 [ 0 81  0 16]
 [ 0  7  0 21]
 [ 0 11  0 22]]"
27,,,1.0087587088346481,54.0,0.4333142779365728,0.28383809655534736,"[[ 0 15  0 27]
 [ 0 92  0  5]
 [ 0 16  0 12]
 [ 0 17  0 16]]"
28,,,0.9660710543394089,53.0,0.4467096358362875,0.31083732370807116,"[[ 0 11  0 31]
 [ 0 86  0 11]
 [ 0  7  0 21]
 [ 0 13  0 20]]"
29,,,0.9637036621570587,51.5,0.4442096893060781,0.31135300042297576,"[[ 0  7  0 35]
 [ 0 81  0 16]
 [ 0  7  0 21]
 [ 0 11  0 22]]"
30,,,0.968404158949852,52.5,0.44252173913043485,0.2998397533649625,"[[ 0 11  0 31]
 [ 0 86  0 11]
 [ 0  7  0 21]
 [ 0 14  0 19]]"
31,,,0.9463621824979782,51.5,0.4509762986145567,0.32733088329753923,"[[ 0  4  0 38]
 [ 0 80  0 17]
 [ 0  6  0 22]
 [ 0 10  0 23]]"
32,,,0.9476243257522583,51.5,0.4509762986145567,0.32733088329753923,"[[ 0  4  0 38]
 [ 0 80  0 17]
 [ 0  6  0 22]
 [ 0 10  0 23]]"
33,,,0.9409793317317963,51.5,0.4442096893060781,0.31135300042297576,"[[ 0  7  0 35]
 [ 0 81  0 16]
 [ 0  7  0 21]
 [ 0 11  0 22]]"
34,,,1.0653619915246964,52.5,0.40656470588235294,0.22671224533162057,"[[ 0 25  0 17]
 [ 0 93  0  4]
 [ 0 19  0  9]
 [ 0 21  0 12]]"
35,,,0.9313107281923294,51.0,0.45815322850451656,0.36086144367485634,"[[ 0  2  0 40]
 [ 0 75  0 22]
 [ 0  3  0 25]
 [ 0  6  0 27]]"
36,,,0.9671685546636581,53.5,0.448850780963256,0.31298085114420926,"[[ 0 11  0 31]
 [ 0 88  0  9]
 [ 0  7  0 21]
 [ 0 14  0 19]]"
37,,,1.0005715191364288,54.5,0.442987012987013,0.3033677056079168,"[[ 0 13  0 29]
 [ 0 92  0  5]
 [ 0 13  0 15]
 [ 0 16  0 17]]"
38,,,1.1964215785264969,50.5,0.3594736842105263,0.14218372923660777,"[[ 0 36  0  6]
 [ 0 97  0  0]
 [ 0 26  0  2]
 [ 0 29  0  4]]"
39,,,1.0413608849048615,53.0,0.4177787456445994,0.25020089846829224,"[[ 0 19  0 23]
 [ 0 93  0  4]
 [ 0 17  0 11]
 [ 0 20  0 13]]"
40,,,0.9386093467473984,51.5,0.4565058876811594,0.3415404289772276,"[[ 0  3  0 39]
 [ 0 79  0 18]
 [ 0  4  0 24]
 [ 0  9  0 24]]"
41,,,0.9350807666778564,51.5,0.4588280986153327,0.35050606784098176,"[[ 0  2  0 40]
 [ 0 78  0 19]
 [ 0  4  0 24]
 [ 0  8  0 25]]"
42,,,0.9423477798700333,50.5,0.4553200768775872,0.3692012194675546,"[[ 0  2  0 40]
 [ 0 72  0 25]
 [ 0  3  0 25]
 [ 0  4  0 29]]"
43,,,0.9730501025915146,50.0,0.4576433823529411,0.3904135095213768,"[[ 0  1  0 41]
 [ 0 69  0 28]
 [ 0  1  0 27]
 [ 0  2  0 31]]"
44,,,0.9332896620035172,51.0,0.44536959607196286,0.3132666310848695,"[[ 0  5  0 37]
 [ 0 80  0 17]
 [ 0  6  0 22]
 [ 0 11  0 22]]"
45,,,0.9582205563783646,52.5,0.44349945828819065,0.3043765740229922,"[[ 0 11  0 31]
 [ 0 85  0 12]
 [ 0  7  0 21]
 [ 0 13  0 20]]"
46,,,1.0296533405780792,54.0,0.42901859504132234,0.27586974477145837,"[[ 0 17  0 25]
 [ 0 93  0  4]
 [ 0 17  0 11]
 [ 0 18  0 15]]"
47,,,0.9291279762983322,51.5,0.45485685110245455,0.3386277763510432,"[[ 0  3  0 39]
 [ 0 79  0 18]
 [ 0  5  0 23]
 [ 0  9  0 24]]"
48,,,0.93349589407444,51.0,0.45815322850451656,0.36086144367485634,"[[ 0  2  0 40]
 [ 0 75  0 22]
 [ 0  3  0 25]
 [ 0  6  0 27]]"
49,,,0.9387682229280472,51.0,0.45815322850451656,0.36086144367485634,"[[ 0  2  0 40]
 [ 0 75  0 22]
 [ 0  3  0 25]
 [ 0  6  0 27]]"
0,,,1.3187797963619232,47.5,0.44077191386108583,0.3825774576606565,"[[ 0  0 42  0]
 [ 0 68 29  0]
 [ 0  1 27  0]
 [ 0  2 31  0]]"
1,,,1.2679307758808136,48.5,0.3168013468013468,0.0,"[[ 0 42  0  0]
 [ 0 97  0  0]
 [ 0 28  0  0]
 [ 0 33  0  0]]"
2,,,1.2325244843959808,48.5,0.3168013468013468,0.0,"[[ 0 42  0  0]
 [ 0 97  0  0]
 [ 0 28  0  0]
 [ 0 33  0  0]]"
3,,,1.174742192029953,48.5,0.3168013468013468,0.0,"[[ 0 42  0  0]
 [ 0 97  0  0]
 [ 0 28  0  0]
 [ 0 33  0  0]]"
4,,,1.0992790460586548,48.5,0.3168013468013468,0.0,"[[ 0 42  0  0]
 [ 0 97  0  0]
 [ 0 28  0  0]
 [ 0 33  0  0]]"
5,,,1.0668782591819763,53.0,0.41525211958946895,0.24566215492406307,"[[ 0 22  0 20]
 [ 0 93  0  4]
 [ 0 17  0 11]
 [ 0 20  0 13]]"
6,,,1.0634030401706696,49.0,0.32757750397456276,0.08060292065912932,"[[ 0 42  0  0]
 [ 0 97  0  0]
 [ 0 28  0  0]
 [ 0 32  0  1]]"
7,,,1.024493619799614,50.5,0.4553200768775872,0.3692012194675546,"[[ 0  2  0 40]
 [ 0 72  0 25]
 [ 0  3  0 25]
 [ 0  4  0 29]]"
8,,,1.015551581978798,51.0,0.44536959607196286,0.3132666310848695,"[[ 0  5  0 37]
 [ 0 80  0 17]
 [ 0  6  0 22]
 [ 0 11  0 22]]"
9,,,1.1428918689489365,48.5,0.3168013468013468,0.0,"[[ 0 42  0  0]
 [ 0 97  0  0]
 [ 0 28  0  0]
 [ 0 33  0  0]]"
10,,,1.0154586136341095,52.5,0.44349945828819065,0.3043765740229922,"[[ 0 11  0 31]
 [ 0 85  0 12]
 [ 0  7  0 21]
 [ 0 13  0 20]]"
11,,,1.0044254809617996,53.0,0.4467096358362875,0.31083732370807116,"[[ 0 11  0 31]
 [ 0 86  0 11]
 [ 0  7  0 21]
 [ 0 13  0 20]]"
12,,,0.9837309569120407,50.5,0.458961038961039,0.37638161293064026,"[[ 0  1  0 41]
 [ 0 72  0 25]
 [ 0  2  0 26]
 [ 0  4  0 29]]"
13,,,0.9685384631156921,51.0,0.45815322850451656,0.36086144367485634,"[[ 0  2  0 40]
 [ 0 75  0 22]
 [ 0  3  0 25]
 [ 0  6  0 27]]"
14,,,0.9982892423868179,53.5,0.4287623310193643,0.27275015908288863,"[[ 0 15  0 27]
 [ 0 92  0  5]
 [ 0 16  0 12]
 [ 0 18  0 15]]"
15,,,1.0055675357580185,54.0,0.42993333022518526,0.2774127483042142,"[[ 0 16  0 26]
 [ 0 93  0  4]
 [ 0 17  0 11]
 [ 0 18  0 15]]"
16,,,0.9668921232223511,51.0,0.46515381218722396,0.4003411767507578,"[[ 0  1  0 41]
 [ 0 71  0 26]
 [ 0  1  0 27]
 [ 0  2  0 31]]"
17,,,0.9993883371353149,51.5,0.4471745921555016,0.31655834897174917,"[[ 0  6  0 36]
 [ 0 81  0 16]
 [ 0  6  0 22]
 [ 0 11  0 22]]"
18,,,0.9602193981409073,52.5,0.4465755044136192,0.31615621438923014,"[[ 0 10  0 32]
 [ 0 83  0 14]
 [ 0  7  0 21]
 [ 0 11  0 22]]"
19,,,0.9695485234260559,53.5,0.4464090909090909,0.30660790723291004,"[[ 0 11  0 31]
 [ 0 89  0  8]
 [ 0  8  0 20]
 [ 0 15  0 18]]"
20,,,0.9502642601728439,51.5,0.4471745921555016,0.31655834897174917,"[[ 0  6  0 36]
 [ 0 81  0 16]
 [ 0  6  0 22]
 [ 0 11  0 22]]"
21,,,0.9475506544113159,50.5,0.4553200768775872,0.3692012194675546,"[[ 0  2  0 40]
 [ 0 72  0 25]
 [ 0  3  0 25]
 [ 0  4  0 29]]"
22,,,1.0510385036468506,52.0,0.3912535803522458,0.19810390377893308,"[[ 0 31  0 11]
 [ 0 95  0  2]
 [ 0 22  0  6]
 [ 0 24  0  9]]"
23,,,0.961082249879837,50.5,0.458961038961039,0.37638161293064026,"[[ 0  1  0 41]
 [ 0 72  0 25]
 [ 0  2  0 26]
 [ 0  4  0 29]]"
24,,,1.0117183774709702,54.0,0.430875,0.27898143738005626,"[[ 0 16  0 26]
 [ 0 93  0  4]
 [ 0 16  0 12]
 [ 0 18  0 15]]"
25,,,1.0028910636901855,53.5,0.42255702280912366,0.26158032606596676,"[[ 0 19  0 23]
 [ 0 93  0  4]
 [ 0 17  0 11]
 [ 0 19  0 14]]"
26,,,0.9527474790811539,51.5,0.442766106442577,0.30879306116679633,"[[ 0  8  0 34]
 [ 0 81  0 16]
 [ 0  7  0 21]
 [ 0 11  0 22]]"
27,,,1.0087587088346481,54.0,0.4333142779365728,0.28383809655534736,"[[ 0 15  0 27]
 [ 0 92  0  5]
 [ 0 16  0 12]
 [ 0 17  0 16]]"
28,,,0.9660710543394089,53.0,0.4467096358362875,0.31083732370807116,"[[ 0 11  0 31]
 [ 0 86  0 11]
 [ 0  7  0 21]
 [ 0 13  0 20]]"
29,,,0.9637036621570587,51.5,0.4442096893060781,0.31135300042297576,"[[ 0  7  0 35]
 [ 0 81  0 16]
 [ 0  7  0 21]
 [ 0 11  0 22]]"
30,,,0.968404158949852,52.5,0.44252173913043485,0.2998397533649625,"[[ 0 11  0 31]
 [ 0 86  0 11]
 [ 0  7  0 21]
 [ 0 14  0 19]]"
31,,,0.9463621824979782,51.5,0.4509762986145567,0.32733088329753923,"[[ 0  4  0 38]
 [ 0 80  0 17]
 [ 0  6  0 22]
 [ 0 10  0 23]]"
32,,,0.9476243257522583,51.5,0.4509762986145567,0.32733088329753923,"[[ 0  4  0 38]
 [ 0 80  0 17]
 [ 0  6  0 22]
 [ 0 10  0 23]]"
33,,,0.9409793317317963,51.5,0.4442096893060781,0.31135300042297576,"[[ 0  7  0 35]
 [ 0 81  0 16]
 [ 0  7  0 21]
 [ 0 11  0 22]]"
34,,,1.0653619915246964,52.5,0.40656470588235294,0.22671224533162057,"[[ 0 25  0 17]
 [ 0 93  0  4]
 [ 0 19  0  9]
 [ 0 21  0 12]]"
35,,,0.9313107281923294,51.0,0.45815322850451656,0.36086144367485634,"[[ 0  2  0 40]
 [ 0 75  0 22]
 [ 0  3  0 25]
 [ 0  6  0 27]]"
36,,,0.9671685546636581,53.5,0.448850780963256,0.31298085114420926,"[[ 0 11  0 31]
 [ 0 88  0  9]
 [ 0  7  0 21]
 [ 0 14  0 19]]"
37,,,1.0005715191364288,54.5,0.442987012987013,0.3033677056079168,"[[ 0 13  0 29]
 [ 0 92  0  5]
 [ 0 13  0 15]
 [ 0 16  0 17]]"
38,,,1.1964215785264969,50.5,0.3594736842105263,0.14218372923660777,"[[ 0 36  0  6]
 [ 0 97  0  0]
 [ 0 26  0  2]
 [ 0 29  0  4]]"
39,,,1.0413608849048615,53.0,0.4177787456445994,0.25020089846829224,"[[ 0 19  0 23]
 [ 0 93  0  4]
 [ 0 17  0 11]
 [ 0 20  0 13]]"
40,,,0.9386093467473984,51.5,0.4565058876811594,0.3415404289772276,"[[ 0  3  0 39]
 [ 0 79  0 18]
 [ 0  4  0 24]
 [ 0  9  0 24]]"
41,,,0.9350807666778564,51.5,0.4588280986153327,0.35050606784098176,"[[ 0  2  0 40]
 [ 0 78  0 19]
 [ 0  4  0 24]
 [ 0  8  0 25]]"
42,,,0.9423477798700333,50.5,0.4553200768775872,0.3692012194675546,"[[ 0  2  0 40]
 [ 0 72  0 25]
 [ 0  3  0 25]
 [ 0  4  0 29]]"
43,,,0.9730501025915146,50.0,0.4576433823529411,0.3904135095213768,"[[ 0  1  0 41]
 [ 0 69  0 28]
 [ 0  1  0 27]
 [ 0  2  0 31]]"
44,,,0.9332896620035172,51.0,0.44536959607196286,0.3132666310848695,"[[ 0  5  0 37]
 [ 0 80  0 17]
 [ 0  6  0 22]
 [ 0 11  0 22]]"
45,,,0.9582205563783646,52.5,0.44349945828819065,0.3043765740229922,"[[ 0 11  0 31]
 [ 0 85  0 12]
 [ 0  7  0 21]
 [ 0 13  0 20]]"
3,,,0.671779647075905,62.891036842066455,0.5431962955272562,0.43982605507381245,"[[    0     0 16642  3931]
 [    0     0 12847  5678]
 [    0     0 21849  5227]
 [    0     0  6007 63452]]"
46,,,1.0296533405780792,54.0,0.42901859504132234,0.27586974477145837,"[[ 0 17  0 25]
 [ 0 93  0  4]
 [ 0 17  0 11]
 [ 0 18  0 15]]"
47,,,0.9291279762983322,51.5,0.45485685110245455,0.3386277763510432,"[[ 0  3  0 39]
 [ 0 79  0 18]
 [ 0  5  0 23]
 [ 0  9  0 24]]"
48,,,0.93349589407444,51.0,0.45815322850451656,0.36086144367485634,"[[ 0  2  0 40]
 [ 0 75  0 22]
 [ 0  3  0 25]
 [ 0  6  0 27]]"
49,,,0.9387682229280472,51.0,0.45815322850451656,0.36086144367485634,"[[ 0  2  0 40]
 [ 0 75  0 22]
 [ 0  3  0 25]
 [ 0  6  0 27]]"
0,,,1.3187797963619232,47.5,0.44077191386108583,0.3825774576606565,"[[ 0  0 42  0]
 [ 0 68 29  0]
 [ 0  1 27  0]
 [ 0  2 31  0]]"
0,,,1.3187797963619232,47.5,0.44077191386108583,0.3825774576606565,"[[ 0  0 42  0]
 [ 0 68 29  0]
 [ 0  1 27  0]
 [ 0  2 31  0]]"
1,,,1.2679307758808136,48.5,0.3168013468013468,0.0,"[[ 0 42  0  0]
 [ 0 97  0  0]
 [ 0 28  0  0]
 [ 0 33  0  0]]"
1,,,1.2679307758808136,48.5,0.3168013468013468,0.0,"[[ 0 42  0  0]
 [ 0 97  0  0]
 [ 0 28  0  0]
 [ 0 33  0  0]]"
2,,,1.2325244843959808,48.5,0.3168013468013468,0.0,"[[ 0 42  0  0]
 [ 0 97  0  0]
 [ 0 28  0  0]
 [ 0 33  0  0]]"
2,,,1.2325244843959808,48.5,0.3168013468013468,0.0,"[[ 0 42  0  0]
 [ 0 97  0  0]
 [ 0 28  0  0]
 [ 0 33  0  0]]"
3,,,1.174742192029953,48.5,0.3168013468013468,0.0,"[[ 0 42  0  0]
 [ 0 97  0  0]
 [ 0 28  0  0]
 [ 0 33  0  0]]"
3,,,1.174742192029953,48.5,0.3168013468013468,0.0,"[[ 0 42  0  0]
 [ 0 97  0  0]
 [ 0 28  0  0]
 [ 0 33  0  0]]"
4,,,1.0992790460586548,48.5,0.3168013468013468,0.0,"[[ 0 42  0  0]
 [ 0 97  0  0]
 [ 0 28  0  0]
 [ 0 33  0  0]]"
4,,,1.0992790460586548,48.5,0.3168013468013468,0.0,"[[ 0 42  0  0]
 [ 0 97  0  0]
 [ 0 28  0  0]
 [ 0 33  0  0]]"
5,,,1.0668782591819763,53.0,0.41525211958946895,0.24566215492406307,"[[ 0 22  0 20]
 [ 0 93  0  4]
 [ 0 17  0 11]
 [ 0 20  0 13]]"
5,,,1.0668782591819763,53.0,0.41525211958946895,0.24566215492406307,"[[ 0 22  0 20]
 [ 0 93  0  4]
 [ 0 17  0 11]
 [ 0 20  0 13]]"
6,,,1.0634030401706696,49.0,0.32757750397456276,0.08060292065912932,"[[ 0 42  0  0]
 [ 0 97  0  0]
 [ 0 28  0  0]
 [ 0 32  0  1]]"
6,,,1.0634030401706696,49.0,0.32757750397456276,0.08060292065912932,"[[ 0 42  0  0]
 [ 0 97  0  0]
 [ 0 28  0  0]
 [ 0 32  0  1]]"
7,,,1.024493619799614,50.5,0.4553200768775872,0.3692012194675546,"[[ 0  2  0 40]
 [ 0 72  0 25]
 [ 0  3  0 25]
 [ 0  4  0 29]]"
7,,,1.024493619799614,50.5,0.4553200768775872,0.3692012194675546,"[[ 0  2  0 40]
 [ 0 72  0 25]
 [ 0  3  0 25]
 [ 0  4  0 29]]"
8,,,1.015551581978798,51.0,0.44536959607196286,0.3132666310848695,"[[ 0  5  0 37]
 [ 0 80  0 17]
 [ 0  6  0 22]
 [ 0 11  0 22]]"
8,,,1.015551581978798,51.0,0.44536959607196286,0.3132666310848695,"[[ 0  5  0 37]
 [ 0 80  0 17]
 [ 0  6  0 22]
 [ 0 11  0 22]]"
9,,,1.1428918689489365,48.5,0.3168013468013468,0.0,"[[ 0 42  0  0]
 [ 0 97  0  0]
 [ 0 28  0  0]
 [ 0 33  0  0]]"
9,,,1.1428918689489365,48.5,0.3168013468013468,0.0,"[[ 0 42  0  0]
 [ 0 97  0  0]
 [ 0 28  0  0]
 [ 0 33  0  0]]"
10,,,1.0154586136341095,52.5,0.44349945828819065,0.3043765740229922,"[[ 0 11  0 31]
 [ 0 85  0 12]
 [ 0  7  0 21]
 [ 0 13  0 20]]"
10,,,1.0154586136341095,52.5,0.44349945828819065,0.3043765740229922,"[[ 0 11  0 31]
 [ 0 85  0 12]
 [ 0  7  0 21]
 [ 0 13  0 20]]"
11,,,1.0044254809617996,53.0,0.4467096358362875,0.31083732370807116,"[[ 0 11  0 31]
 [ 0 86  0 11]
 [ 0  7  0 21]
 [ 0 13  0 20]]"
11,,,1.0044254809617996,53.0,0.4467096358362875,0.31083732370807116,"[[ 0 11  0 31]
 [ 0 86  0 11]
 [ 0  7  0 21]
 [ 0 13  0 20]]"
12,,,0.9837309569120407,50.5,0.458961038961039,0.37638161293064026,"[[ 0  1  0 41]
 [ 0 72  0 25]
 [ 0  2  0 26]
 [ 0  4  0 29]]"
12,,,0.9837309569120407,50.5,0.458961038961039,0.37638161293064026,"[[ 0  1  0 41]
 [ 0 72  0 25]
 [ 0  2  0 26]
 [ 0  4  0 29]]"
13,,,0.9685384631156921,51.0,0.45815322850451656,0.36086144367485634,"[[ 0  2  0 40]
 [ 0 75  0 22]
 [ 0  3  0 25]
 [ 0  6  0 27]]"
13,,,0.9685384631156921,51.0,0.45815322850451656,0.36086144367485634,"[[ 0  2  0 40]
 [ 0 75  0 22]
 [ 0  3  0 25]
 [ 0  6  0 27]]"
14,,,0.9982892423868179,53.5,0.4287623310193643,0.27275015908288863,"[[ 0 15  0 27]
 [ 0 92  0  5]
 [ 0 16  0 12]
 [ 0 18  0 15]]"
14,,,0.9982892423868179,53.5,0.4287623310193643,0.27275015908288863,"[[ 0 15  0 27]
 [ 0 92  0  5]
 [ 0 16  0 12]
 [ 0 18  0 15]]"
15,,,1.0055675357580185,54.0,0.42993333022518526,0.2774127483042142,"[[ 0 16  0 26]
 [ 0 93  0  4]
 [ 0 17  0 11]
 [ 0 18  0 15]]"
15,,,1.0055675357580185,54.0,0.42993333022518526,0.2774127483042142,"[[ 0 16  0 26]
 [ 0 93  0  4]
 [ 0 17  0 11]
 [ 0 18  0 15]]"
16,,,0.9668921232223511,51.0,0.46515381218722396,0.4003411767507578,"[[ 0  1  0 41]
 [ 0 71  0 26]
 [ 0  1  0 27]
 [ 0  2  0 31]]"
16,,,0.9668921232223511,51.0,0.46515381218722396,0.4003411767507578,"[[ 0  1  0 41]
 [ 0 71  0 26]
 [ 0  1  0 27]
 [ 0  2  0 31]]"
17,,,0.9993883371353149,51.5,0.4471745921555016,0.31655834897174917,"[[ 0  6  0 36]
 [ 0 81  0 16]
 [ 0  6  0 22]
 [ 0 11  0 22]]"
17,,,0.9993883371353149,51.5,0.4471745921555016,0.31655834897174917,"[[ 0  6  0 36]
 [ 0 81  0 16]
 [ 0  6  0 22]
 [ 0 11  0 22]]"
18,,,0.9602193981409073,52.5,0.4465755044136192,0.31615621438923014,"[[ 0 10  0 32]
 [ 0 83  0 14]
 [ 0  7  0 21]
 [ 0 11  0 22]]"
18,,,0.9602193981409073,52.5,0.4465755044136192,0.31615621438923014,"[[ 0 10  0 32]
 [ 0 83  0 14]
 [ 0  7  0 21]
 [ 0 11  0 22]]"
19,,,0.9695485234260559,53.5,0.4464090909090909,0.30660790723291004,"[[ 0 11  0 31]
 [ 0 89  0  8]
 [ 0  8  0 20]
 [ 0 15  0 18]]"
19,,,0.9695485234260559,53.5,0.4464090909090909,0.30660790723291004,"[[ 0 11  0 31]
 [ 0 89  0  8]
 [ 0  8  0 20]
 [ 0 15  0 18]]"
20,,,0.9502642601728439,51.5,0.4471745921555016,0.31655834897174917,"[[ 0  6  0 36]
 [ 0 81  0 16]
 [ 0  6  0 22]
 [ 0 11  0 22]]"
20,,,0.9502642601728439,51.5,0.4471745921555016,0.31655834897174917,"[[ 0  6  0 36]
 [ 0 81  0 16]
 [ 0  6  0 22]
 [ 0 11  0 22]]"
21,,,0.9475506544113159,50.5,0.4553200768775872,0.3692012194675546,"[[ 0  2  0 40]
 [ 0 72  0 25]
 [ 0  3  0 25]
 [ 0  4  0 29]]"
21,,,0.9475506544113159,50.5,0.4553200768775872,0.3692012194675546,"[[ 0  2  0 40]
 [ 0 72  0 25]
 [ 0  3  0 25]
 [ 0  4  0 29]]"
22,,,1.0510385036468506,52.0,0.3912535803522458,0.19810390377893308,"[[ 0 31  0 11]
 [ 0 95  0  2]
 [ 0 22  0  6]
 [ 0 24  0  9]]"
22,,,1.0510385036468506,52.0,0.3912535803522458,0.19810390377893308,"[[ 0 31  0 11]
 [ 0 95  0  2]
 [ 0 22  0  6]
 [ 0 24  0  9]]"
23,,,0.961082249879837,50.5,0.458961038961039,0.37638161293064026,"[[ 0  1  0 41]
 [ 0 72  0 25]
 [ 0  2  0 26]
 [ 0  4  0 29]]"
23,,,0.961082249879837,50.5,0.458961038961039,0.37638161293064026,"[[ 0  1  0 41]
 [ 0 72  0 25]
 [ 0  2  0 26]
 [ 0  4  0 29]]"
24,,,1.0117183774709702,54.0,0.430875,0.27898143738005626,"[[ 0 16  0 26]
 [ 0 93  0  4]
 [ 0 16  0 12]
 [ 0 18  0 15]]"
24,,,1.0117183774709702,54.0,0.430875,0.27898143738005626,"[[ 0 16  0 26]
 [ 0 93  0  4]
 [ 0 16  0 12]
 [ 0 18  0 15]]"
25,,,1.0028910636901855,53.5,0.42255702280912366,0.26158032606596676,"[[ 0 19  0 23]
 [ 0 93  0  4]
 [ 0 17  0 11]
 [ 0 19  0 14]]"
25,,,1.0028910636901855,53.5,0.42255702280912366,0.26158032606596676,"[[ 0 19  0 23]
 [ 0 93  0  4]
 [ 0 17  0 11]
 [ 0 19  0 14]]"
26,,,0.9527474790811539,51.5,0.442766106442577,0.30879306116679633,"[[ 0  8  0 34]
 [ 0 81  0 16]
 [ 0  7  0 21]
 [ 0 11  0 22]]"
26,,,0.9527474790811539,51.5,0.442766106442577,0.30879306116679633,"[[ 0  8  0 34]
 [ 0 81  0 16]
 [ 0  7  0 21]
 [ 0 11  0 22]]"
27,,,1.0087587088346481,54.0,0.4333142779365728,0.28383809655534736,"[[ 0 15  0 27]
 [ 0 92  0  5]
 [ 0 16  0 12]
 [ 0 17  0 16]]"
27,,,1.0087587088346481,54.0,0.4333142779365728,0.28383809655534736,"[[ 0 15  0 27]
 [ 0 92  0  5]
 [ 0 16  0 12]
 [ 0 17  0 16]]"
28,,,0.9660710543394089,53.0,0.4467096358362875,0.31083732370807116,"[[ 0 11  0 31]
 [ 0 86  0 11]
 [ 0  7  0 21]
 [ 0 13  0 20]]"
28,,,0.9660710543394089,53.0,0.4467096358362875,0.31083732370807116,"[[ 0 11  0 31]
 [ 0 86  0 11]
 [ 0  7  0 21]
 [ 0 13  0 20]]"
29,,,0.9637036621570587,51.5,0.4442096893060781,0.31135300042297576,"[[ 0  7  0 35]
 [ 0 81  0 16]
 [ 0  7  0 21]
 [ 0 11  0 22]]"
29,,,0.9637036621570587,51.5,0.4442096893060781,0.31135300042297576,"[[ 0  7  0 35]
 [ 0 81  0 16]
 [ 0  7  0 21]
 [ 0 11  0 22]]"
30,,,0.968404158949852,52.5,0.44252173913043485,0.2998397533649625,"[[ 0 11  0 31]
 [ 0 86  0 11]
 [ 0  7  0 21]
 [ 0 14  0 19]]"
30,,,0.968404158949852,52.5,0.44252173913043485,0.2998397533649625,"[[ 0 11  0 31]
 [ 0 86  0 11]
 [ 0  7  0 21]
 [ 0 14  0 19]]"
31,,,0.9463621824979782,51.5,0.4509762986145567,0.32733088329753923,"[[ 0  4  0 38]
 [ 0 80  0 17]
 [ 0  6  0 22]
 [ 0 10  0 23]]"
31,,,0.9463621824979782,51.5,0.4509762986145567,0.32733088329753923,"[[ 0  4  0 38]
 [ 0 80  0 17]
 [ 0  6  0 22]
 [ 0 10  0 23]]"
32,,,0.9476243257522583,51.5,0.4509762986145567,0.32733088329753923,"[[ 0  4  0 38]
 [ 0 80  0 17]
 [ 0  6  0 22]
 [ 0 10  0 23]]"
32,,,0.9476243257522583,51.5,0.4509762986145567,0.32733088329753923,"[[ 0  4  0 38]
 [ 0 80  0 17]
 [ 0  6  0 22]
 [ 0 10  0 23]]"
33,,,0.9409793317317963,51.5,0.4442096893060781,0.31135300042297576,"[[ 0  7  0 35]
 [ 0 81  0 16]
 [ 0  7  0 21]
 [ 0 11  0 22]]"
33,,,0.9409793317317963,51.5,0.4442096893060781,0.31135300042297576,"[[ 0  7  0 35]
 [ 0 81  0 16]
 [ 0  7  0 21]
 [ 0 11  0 22]]"
34,,,1.0653619915246964,52.5,0.40656470588235294,0.22671224533162057,"[[ 0 25  0 17]
 [ 0 93  0  4]
 [ 0 19  0  9]
 [ 0 21  0 12]]"
34,,,1.0653619915246964,52.5,0.40656470588235294,0.22671224533162057,"[[ 0 25  0 17]
 [ 0 93  0  4]
 [ 0 19  0  9]
 [ 0 21  0 12]]"
35,,,0.9313107281923294,51.0,0.45815322850451656,0.36086144367485634,"[[ 0  2  0 40]
 [ 0 75  0 22]
 [ 0  3  0 25]
 [ 0  6  0 27]]"
35,,,0.9313107281923294,51.0,0.45815322850451656,0.36086144367485634,"[[ 0  2  0 40]
 [ 0 75  0 22]
 [ 0  3  0 25]
 [ 0  6  0 27]]"
36,,,0.9671685546636581,53.5,0.448850780963256,0.31298085114420926,"[[ 0 11  0 31]
 [ 0 88  0  9]
 [ 0  7  0 21]
 [ 0 14  0 19]]"
36,,,0.9671685546636581,53.5,0.448850780963256,0.31298085114420926,"[[ 0 11  0 31]
 [ 0 88  0  9]
 [ 0  7  0 21]
 [ 0 14  0 19]]"
37,,,1.0005715191364288,54.5,0.442987012987013,0.3033677056079168,"[[ 0 13  0 29]
 [ 0 92  0  5]
 [ 0 13  0 15]
 [ 0 16  0 17]]"
37,,,1.0005715191364288,54.5,0.442987012987013,0.3033677056079168,"[[ 0 13  0 29]
 [ 0 92  0  5]
 [ 0 13  0 15]
 [ 0 16  0 17]]"
38,,,1.1964215785264969,50.5,0.3594736842105263,0.14218372923660777,"[[ 0 36  0  6]
 [ 0 97  0  0]
 [ 0 26  0  2]
 [ 0 29  0  4]]"
38,,,1.1964215785264969,50.5,0.3594736842105263,0.14218372923660777,"[[ 0 36  0  6]
 [ 0 97  0  0]
 [ 0 26  0  2]
 [ 0 29  0  4]]"
39,,,1.0413608849048615,53.0,0.4177787456445994,0.25020089846829224,"[[ 0 19  0 23]
 [ 0 93  0  4]
 [ 0 17  0 11]
 [ 0 20  0 13]]"
39,,,1.0413608849048615,53.0,0.4177787456445994,0.25020089846829224,"[[ 0 19  0 23]
 [ 0 93  0  4]
 [ 0 17  0 11]
 [ 0 20  0 13]]"
40,,,0.9386093467473984,51.5,0.4565058876811594,0.3415404289772276,"[[ 0  3  0 39]
 [ 0 79  0 18]
 [ 0  4  0 24]
 [ 0  9  0 24]]"
40,,,0.9386093467473984,51.5,0.4565058876811594,0.3415404289772276,"[[ 0  3  0 39]
 [ 0 79  0 18]
 [ 0  4  0 24]
 [ 0  9  0 24]]"
41,,,0.9350807666778564,51.5,0.4588280986153327,0.35050606784098176,"[[ 0  2  0 40]
 [ 0 78  0 19]
 [ 0  4  0 24]
 [ 0  8  0 25]]"
41,,,0.9350807666778564,51.5,0.4588280986153327,0.35050606784098176,"[[ 0  2  0 40]
 [ 0 78  0 19]
 [ 0  4  0 24]
 [ 0  8  0 25]]"
42,,,0.9423477798700333,50.5,0.4553200768775872,0.3692012194675546,"[[ 0  2  0 40]
 [ 0 72  0 25]
 [ 0  3  0 25]
 [ 0  4  0 29]]"
42,,,0.9423477798700333,50.5,0.4553200768775872,0.3692012194675546,"[[ 0  2  0 40]
 [ 0 72  0 25]
 [ 0  3  0 25]
 [ 0  4  0 29]]"
43,,,0.9730501025915146,50.0,0.4576433823529411,0.3904135095213768,"[[ 0  1  0 41]
 [ 0 69  0 28]
 [ 0  1  0 27]
 [ 0  2  0 31]]"
43,,,0.9730501025915146,50.0,0.4576433823529411,0.3904135095213768,"[[ 0  1  0 41]
 [ 0 69  0 28]
 [ 0  1  0 27]
 [ 0  2  0 31]]"
44,,,0.9332896620035172,51.0,0.44536959607196286,0.3132666310848695,"[[ 0  5  0 37]
 [ 0 80  0 17]
 [ 0  6  0 22]
 [ 0 11  0 22]]"
44,,,0.9332896620035172,51.0,0.44536959607196286,0.3132666310848695,"[[ 0  5  0 37]
 [ 0 80  0 17]
 [ 0  6  0 22]
 [ 0 11  0 22]]"
45,,,0.9582205563783646,52.5,0.44349945828819065,0.3043765740229922,"[[ 0 11  0 31]
 [ 0 85  0 12]
 [ 0  7  0 21]
 [ 0 13  0 20]]"
45,,,0.9582205563783646,52.5,0.44349945828819065,0.3043765740229922,"[[ 0 11  0 31]
 [ 0 85  0 12]
 [ 0  7  0 21]
 [ 0 13  0 20]]"
46,,,1.0296533405780792,54.0,0.42901859504132234,0.27586974477145837,"[[ 0 17  0 25]
 [ 0 93  0  4]
 [ 0 17  0 11]
 [ 0 18  0 15]]"
46,,,1.0296533405780792,54.0,0.42901859504132234,0.27586974477145837,"[[ 0 17  0 25]
 [ 0 93  0  4]
 [ 0 17  0 11]
 [ 0 18  0 15]]"
47,,,0.9291279762983322,51.5,0.45485685110245455,0.3386277763510432,"[[ 0  3  0 39]
 [ 0 79  0 18]
 [ 0  5  0 23]
 [ 0  9  0 24]]"
47,,,0.9291279762983322,51.5,0.45485685110245455,0.3386277763510432,"[[ 0  3  0 39]
 [ 0 79  0 18]
 [ 0  5  0 23]
 [ 0  9  0 24]]"
48,,,0.93349589407444,51.0,0.45815322850451656,0.36086144367485634,"[[ 0  2  0 40]
 [ 0 75  0 22]
 [ 0  3  0 25]
 [ 0  6  0 27]]"
48,,,0.93349589407444,51.0,0.45815322850451656,0.36086144367485634,"[[ 0  2  0 40]
 [ 0 75  0 22]
 [ 0  3  0 25]
 [ 0  6  0 27]]"
49,,,0.9387682229280472,51.0,0.45815322850451656,0.36086144367485634,"[[ 0  2  0 40]
 [ 0 75  0 22]
 [ 0  3  0 25]
 [ 0  6  0 27]]"
49,,,0.9387682229280472,51.0,0.45815322850451656,0.36086144367485634,"[[ 0  2  0 40]
 [ 0 75  0 22]
 [ 0  3  0 25]
 [ 0  6  0 27]]"
4,,,0.6770356227766793,62.68975839213171,0.5361653817302318,0.4224610701391803,"[[    0     0 15525  5048]
 [    0     0 11770  6755]
 [    0     0 20386  6690]
 [    0     0  4817 64642]]"
5,,,0.6692044135253384,62.84016426680822,0.5368402729719257,0.42376575208037087,"[[    0     0 15457  5116]
 [    0     0 11668  6857]
 [    0     0 20307  6769]
 [    0     0  4534 64925]]"
6,,,0.6665574014889744,62.89251140946525,0.5399006474034228,0.43112937973195237,"[[    0     0 15960  4613]
 [    0     3 12210  6312]
 [    0     0 21014  6062]
 [    0     5  5168 64286]]"
7,,,0.6645913843557519,62.97140076530048,0.5395276933156392,0.4299796892471634,"[[    0     2 15721  4850]
 [    0     7 12000  6518]
 [    0     3 20823  6250]
 [    0     4  4875 64580]]"
8,,,0.665553032002359,62.915367204146484,0.541219281543522,0.43477734480150276,"[[    0     1 16155  4417]
 [    0     0 12426  6099]
 [    0     0 21396  5680]
 [    0     2  5519 63938]]"
9,,,0.66565143128611,63.009739517669004,0.5403198208991189,0.43216105227860635,"[[    0     1 15816  4756]
 [    0     2 12101  6422]
 [    0     0 21029  6047]
 [    0     3  5025 64431]]"
10,,,0.6652697568513313,62.87555388437917,0.5391868446400571,0.4295141480540893,"[[    0     1 15810  4762]
 [    0     4 12063  6458]
 [    0     3 20913  6160]
 [    0     6  5090 64363]]"
11,,,0.6639995395293775,63.00310396437445,0.5429227571774466,0.4387608735180617,"[[    0     0 16330  4243]
 [    0     1 12688  5836]
 [    0     0 21652  5424]
 [    0     1  5658 63800]]"
12,,,0.6664021978119634,62.91684177154527,0.5403794093665932,0.43190323353922616,"[[    0     2 16031  4540]
 [    0     9 12250  6266]
 [    0     7 21031  6038]
 [    0     7  5156 64296]]"
13,,,0.6670824737621928,62.93379929663135,0.542123047546418,0.4368477704619515,"[[    0     0 16338  4235]
 [    0     0 12600  5925]
 [    0     0 21529  5547]
 [    0     0  5629 63830]]"
14,,,0.6642007665673517,62.93158744553317,0.5419934292706119,0.43637438512564747,"[[    0     1 16292  4280]
 [    0     2 12593  5930]
 [    0     2 21480  5594]
 [    0     6  5579 63874]]"
15,,,0.665924688161544,62.93158744553317,0.538352765551424,0.4266277168390936,"[[    0    10 15568  4995]
 [    0    16 11788  6721]
 [    0    11 20477  6588]
 [    0    11  4585 64863]]"
16,,,0.6649049234699528,62.93158744553317,0.5390223394878694,0.4288349862961882,"[[    0     1 15729  4843]
 [    0     3 11973  6549]
 [    0     0 20728  6348]
 [    0     2  4832 64625]]"
17,,,0.6688809091893008,62.75169022288086,0.5344229805656122,0.4182246507365168,"[[    0     0 15130  5443]
 [    0     0 11258  7267]
 [    0     0 19835  7241]
 [    0     0  4182 65277]]"
18,,,0.6637623896998055,62.9964684110799,0.5410058196502499,0.4338573978307647,"[[    0     0 16027  4546]
 [    0     0 12258  6267]
 [    0     0 21184  5892]
 [    0     0  5199 64260]]"
19,,,0.6658793621889825,62.77970700345786,0.5360042386555774,0.420551779733195,"[[    0    13 15320  5240]
 [    0    34 11504  6987]
 [    0    15 19979  7082]
 [    0    18  4304 65137]]"
20,,,0.6640451183015446,62.85933364299249,0.5358201505357819,0.4214614543179452,"[[    0     0 15153  5420]
 [    0     0 11442  7083]
 [    0     0 20065  7011]
 [    0     0  4266 65193]]"
21,,,0.6639343050712685,63.00752766657082,0.5438691434183948,0.44116233448935216,"[[    0     0 16525  4048]
 [    0     1 12866  5658]
 [    0     1 21857  5218]
 [    0     0  5858 63601]]"
22,,,0.6644402914030372,62.91831633894406,0.5432647171197441,0.43993374778225663,"[[    0     0 16508  4065]
 [    0     3 12873  5649]
 [    0     3 21859  5214]
 [    0     5  5978 63476]]"
23,,,0.6620077787002303,62.92347732483982,0.537514991982659,0.4253462039437046,"[[    0     1 15448  5124]
 [    0     0 11656  6869]
 [    0     1 20390  6685]
 [    0     0  4504 64955]]"
24,,,0.6668319077002552,62.6071826177995,0.5309960186437316,0.4104842637852438,"[[    0     1 14577  5995]
 [    0     1 10830  7694]
 [    0     2 19152  7922]
 [    0     1  3695 65763]]"
25,,,0.6618007769421587,62.92274004114043,0.5407560618230083,0.43352255563597775,"[[    0     0 16060  4513]
 [    0     0 12327  6198]
 [    0     0 21256  5820]
 [    0     1  5370 64088]]"
26,,,0.6624418476280176,62.939697566226506,0.5436153529681629,0.4406913386670736,"[[    0     2 16559  4012]
 [    0     6 12886  5633]
 [    0     1 21901  5174]
 [    0     2  5997 63460]]"
27,,,0.6640912724693991,62.90725708345314,0.5391347244434256,0.42941302759417554,"[[    0     4 15738  4831]
 [    0     1 12024  6500]
 [    0     2 20869  6205]
 [    0     3  5003 64453]]"
28,,,0.663936132037977,62.91684177154527,0.5422286874254634,0.4369014793325541,"[[    0     1 16409  4163]
 [    0     4 12631  5890]
 [    0     1 21524  5551]
 [    0     1  5650 63808]]"
29,,,0.663120146362849,63.00236668067506,0.5442925284926385,0.44204139356097466,"[[    0     4 16596  3973]
 [    0     7 12935  5583]
 [    0     5 21940  5131]
 [    0     6  5948 63505]]"
30,,,0.6654906302409352,62.708927768315974,0.5327091769448986,0.41448542050436765,"[[    0     0 14737  5836]
 [    0     0 11002  7523]
 [    0     0 19517  7559]
 [    0     0  3922 65537]]"
31,,,0.6650987981203592,62.91905362264346,0.5409441141168426,0.43222600627444063,"[[    0    22 16074  4477]
 [    0    34 12272  6219]
 [    0    27 21031  6018]
 [    0    20  5165 64274]]"
32,,,0.6639221654045132,62.9411721336253,0.5383533162284873,0.427462586805691,"[[    0     0 15570  5003]
 [    0     0 11790  6735]
 [    0     0 20618  6458]
 [    0     0  4708 64751]]"
33,,,0.6617680572395055,62.93822299882772,0.5442475105029233,0.4422465810488619,"[[    0     6 16672  3895]
 [    0    11 12981  5533]
 [    0     2 22051  5023]
 [    0     6  6150 63303]]"
0,,,1.3472814559936523,50.0,0.5238095238095238,0.4233243907726188,"[[ 0  0  7  0]
 [ 0 10  1  0]
 [ 0  0  0  0]
 [ 0  0  2  0]]"
1,,,1.2702151536941528,55.0,0.3903225806451613,0.0,"[[ 0  7  0]
 [ 0 11  0]
 [ 0  2  0]]"
2,,,1.1857867240905762,30.0,0.31555555555555553,0.25869823880548926,"[[0 0 7]
 [0 4 7]
 [0 0 2]]"
3,,,1.156898021697998,30.0,0.31555555555555553,0.25869823880548926,"[[0 0 7]
 [0 4 7]
 [0 0 2]]"
4,,,1.0388609170913696,60.0,0.5571428571428572,0.5173964776109785,"[[ 0  0  7]
 [ 0 10  1]
 [ 0  0  2]]"
5,,,0.9700738191604614,60.0,0.5571428571428572,0.5173964776109785,"[[ 0  0  7]
 [ 0 10  1]
 [ 0  0  2]]"
6,,,1.0963644981384277,35.0,0.3672794117647059,0.29871899562646265,"[[0 0 7]
 [0 5 6]
 [0 0 2]]"
7,,,1.0829041004180908,35.0,0.3672794117647059,0.29871899562646265,"[[0 0 7]
 [0 5 6]
 [0 0 2]]"
8,,,0.9748853445053101,50.0,0.4917293233082707,0.4224524549534127,"[[0 0 7]
 [0 8 3]
 [0 0 2]]"
9,,,0.9118083119392395,60.0,0.5571428571428572,0.5173964776109785,"[[ 0  0  7]
 [ 0 10  1]
 [ 0  0  2]]"
10,,,0.9428606629371643,45.0,0.45444444444444443,0.3796652174370442,"[[0 0 7]
 [0 7 4]
 [0 0 2]]"
11,,,0.9740882515907288,40.0,0.4132352941176471,0.33871550327940475,"[[0 0 7]
 [0 6 5]
 [0 0 2]]"
12,,,0.9326154589653015,50.0,0.4917293233082707,0.4224524549534127,"[[0 0 7]
 [0 8 3]
 [0 0 2]]"
13,,,0.891001284122467,60.0,0.5571428571428572,0.5173964776109785,"[[ 0  0  7]
 [ 0 10  1]
 [ 0  0  2]]"
14,,,0.9301915168762207,50.0,0.4917293233082707,0.4224524549534127,"[[0 0 7]
 [0 8 3]
 [0 0 2]]"
15,,,0.8978918194770813,60.0,0.5571428571428572,0.5173964776109785,"[[ 0  0  7]
 [ 0 10  1]
 [ 0  0  2]]"
16,,,0.8469852805137634,60.0,0.5182608695652174,0.44165483926947696,"[[ 0  2  5]
 [ 0 10  1]
 [ 0  0  2]]"
17,,,0.8467222452163696,60.0,0.5182608695652174,0.44165483926947696,"[[ 0  2  5]
 [ 0 10  1]
 [ 0  0  2]]"
18,,,0.8356856107711792,60.0,0.5363636363636364,0.4774573233961447,"[[ 0  1  6]
 [ 0 10  1]
 [ 0  0  2]]"
19,,,0.9152595400810242,45.0,0.45444444444444443,0.3796652174370442,"[[0 0 7]
 [0 7 4]
 [0 0 2]]"
20,,,0.9364804029464722,40.0,0.4132352941176471,0.33871550327940475,"[[0 0 7]
 [0 6 5]
 [0 0 2]]"
21,,,0.8665297031402588,60.0,0.5571428571428572,0.5173964776109785,"[[ 0  0  7]
 [ 0 10  1]
 [ 0  0  2]]"
22,,,0.7886615991592407,60.0,0.5182608695652174,0.44165483926947696,"[[ 0  2  5]
 [ 0 10  1]
 [ 0  0  2]]"
23,,,0.7842942476272583,60.0,0.49000000000000005,0.3797719279193326,"[[ 0  4  3]
 [ 0 10  1]
 [ 0  0  2]]"
24,,,0.786521315574646,60.0,0.5363636363636364,0.4774573233961447,"[[ 0  1  6]
 [ 0 10  1]
 [ 0  0  2]]"
25,,,0.834446907043457,60.0,0.5571428571428572,0.5173964776109785,"[[ 0  0  7]
 [ 0 10  1]
 [ 0  0  2]]"
26,,,0.8588337302207947,60.0,0.5571428571428572,0.5173964776109785,"[[ 0  0  7]
 [ 0 10  1]
 [ 0  0  2]]"
27,,,0.8337181806564331,60.0,0.5571428571428572,0.5173964776109785,"[[ 0  0  7]
 [ 0 10  1]
 [ 0  0  2]]"
28,,,0.7908379435539246,60.0,0.5363636363636364,0.4774573233961447,"[[ 0  1  6]
 [ 0 10  1]
 [ 0  0  2]]"
29,,,0.7879902124404907,60.0,0.5363636363636364,0.4774573233961447,"[[ 0  1  6]
 [ 0 10  1]
 [ 0  0  2]]"
30,,,0.8010415434837341,60.0,0.5571428571428572,0.5173964776109785,"[[ 0  0  7]
 [ 0 10  1]
 [ 0  0  2]]"
31,,,0.8455372452735901,60.0,0.5571428571428572,0.5173964776109785,"[[ 0  0  7]
 [ 0 10  1]
 [ 0  0  2]]"
32,,,0.8626331686973572,60.0,0.5571428571428572,0.5173964776109785,"[[ 0  0  7]
 [ 0 10  1]
 [ 0  0  2]]"
33,,,0.8476415872573853,60.0,0.5571428571428572,0.5173964776109785,"[[ 0  0  7]
 [ 0 10  1]
 [ 0  0  2]]"
34,,,0.8160305023193359,60.0,0.5571428571428572,0.5173964776109785,"[[ 0  0  7]
 [ 0 10  1]
 [ 0  0  2]]"
35,,,0.8038284778594971,60.0,0.5571428571428572,0.5173964776109785,"[[ 0  0  7]
 [ 0 10  1]
 [ 0  0  2]]"
36,,,0.7888792157173157,60.0,0.5363636363636364,0.4774573233961447,"[[ 0  1  6]
 [ 0 10  1]
 [ 0  0  2]]"
37,,,0.7847149968147278,60.0,0.5363636363636364,0.4774573233961447,"[[ 0  1  6]
 [ 0 10  1]
 [ 0  0  2]]"
38,,,0.784687340259552,60.0,0.5363636363636364,0.4774573233961447,"[[ 0  1  6]
 [ 0 10  1]
 [ 0  0  2]]"
39,,,0.7863281965255737,60.0,0.5363636363636364,0.4774573233961447,"[[ 0  1  6]
 [ 0 10  1]
 [ 0  0  2]]"
40,,,0.7941297888755798,60.0,0.5571428571428572,0.5173964776109785,"[[ 0  0  7]
 [ 0 10  1]
 [ 0  0  2]]"
41,,,0.8079824447631836,60.0,0.5571428571428572,0.5173964776109785,"[[ 0  0  7]
 [ 0 10  1]
 [ 0  0  2]]"
42,,,0.8143886923789978,60.0,0.5571428571428572,0.5173964776109785,"[[ 0  0  7]
 [ 0 10  1]
 [ 0  0  2]]"
43,,,0.8150830268859863,60.0,0.5571428571428572,0.5173964776109785,"[[ 0  0  7]
 [ 0 10  1]
 [ 0  0  2]]"
44,,,0.8127238154411316,60.0,0.5571428571428572,0.5173964776109785,"[[ 0  0  7]
 [ 0 10  1]
 [ 0  0  2]]"
45,,,0.8093123435974121,60.0,0.5571428571428572,0.5173964776109785,"[[ 0  0  7]
 [ 0 10  1]
 [ 0  0  2]]"
46,,,0.8067718148231506,60.0,0.5571428571428572,0.5173964776109785,"[[ 0  0  7]
 [ 0 10  1]
 [ 0  0  2]]"
47,,,0.8057606220245361,60.0,0.5571428571428572,0.5173964776109785,"[[ 0  0  7]
 [ 0 10  1]
 [ 0  0  2]]"
48,,,0.8056352138519287,60.0,0.5571428571428572,0.5173964776109785,"[[ 0  0  7]
 [ 0 10  1]
 [ 0  0  2]]"
49,,,0.8055054545402527,60.0,0.5571428571428572,0.5173964776109785,"[[ 0  0  7]
 [ 0 10  1]
 [ 0  0  2]]"
0,,,1.3472814559936523,50.0,0.5238095238095238,0.4233243907726188,"[[ 0  0  7  0]
 [ 0 10  1  0]
 [ 0  0  0  0]
 [ 0  0  2  0]]"
1,,,1.2702151536941528,55.0,0.3903225806451613,0.0,"[[ 0  7  0]
 [ 0 11  0]
 [ 0  2  0]]"
2,,,1.1857867240905762,30.0,0.31555555555555553,0.25869823880548926,"[[0 0 7]
 [0 4 7]
 [0 0 2]]"
3,,,1.156898021697998,30.0,0.31555555555555553,0.25869823880548926,"[[0 0 7]
 [0 4 7]
 [0 0 2]]"
4,,,1.0388609170913696,60.0,0.5571428571428572,0.5173964776109785,"[[ 0  0  7]
 [ 0 10  1]
 [ 0  0  2]]"
5,,,0.9700738191604614,60.0,0.5571428571428572,0.5173964776109785,"[[ 0  0  7]
 [ 0 10  1]
 [ 0  0  2]]"
6,,,1.0963644981384277,35.0,0.3672794117647059,0.29871899562646265,"[[0 0 7]
 [0 5 6]
 [0 0 2]]"
7,,,1.0829041004180908,35.0,0.3672794117647059,0.29871899562646265,"[[0 0 7]
 [0 5 6]
 [0 0 2]]"
8,,,0.9748853445053101,50.0,0.4917293233082707,0.4224524549534127,"[[0 0 7]
 [0 8 3]
 [0 0 2]]"
9,,,0.9118083119392395,60.0,0.5571428571428572,0.5173964776109785,"[[ 0  0  7]
 [ 0 10  1]
 [ 0  0  2]]"
10,,,0.9428606629371643,45.0,0.45444444444444443,0.3796652174370442,"[[0 0 7]
 [0 7 4]
 [0 0 2]]"
11,,,0.9740882515907288,40.0,0.4132352941176471,0.33871550327940475,"[[0 0 7]
 [0 6 5]
 [0 0 2]]"
12,,,0.9326154589653015,50.0,0.4917293233082707,0.4224524549534127,"[[0 0 7]
 [0 8 3]
 [0 0 2]]"
13,,,0.891001284122467,60.0,0.5571428571428572,0.5173964776109785,"[[ 0  0  7]
 [ 0 10  1]
 [ 0  0  2]]"
14,,,0.9301915168762207,50.0,0.4917293233082707,0.4224524549534127,"[[0 0 7]
 [0 8 3]
 [0 0 2]]"
15,,,0.8978918194770813,60.0,0.5571428571428572,0.5173964776109785,"[[ 0  0  7]
 [ 0 10  1]
 [ 0  0  2]]"
16,,,0.8469852805137634,60.0,0.5182608695652174,0.44165483926947696,"[[ 0  2  5]
 [ 0 10  1]
 [ 0  0  2]]"
17,,,0.8467222452163696,60.0,0.5182608695652174,0.44165483926947696,"[[ 0  2  5]
 [ 0 10  1]
 [ 0  0  2]]"
18,,,0.8356856107711792,60.0,0.5363636363636364,0.4774573233961447,"[[ 0  1  6]
 [ 0 10  1]
 [ 0  0  2]]"
19,,,0.9152595400810242,45.0,0.45444444444444443,0.3796652174370442,"[[0 0 7]
 [0 7 4]
 [0 0 2]]"
20,,,0.9364804029464722,40.0,0.4132352941176471,0.33871550327940475,"[[0 0 7]
 [0 6 5]
 [0 0 2]]"
21,,,0.8665297031402588,60.0,0.5571428571428572,0.5173964776109785,"[[ 0  0  7]
 [ 0 10  1]
 [ 0  0  2]]"
22,,,0.7886615991592407,60.0,0.5182608695652174,0.44165483926947696,"[[ 0  2  5]
 [ 0 10  1]
 [ 0  0  2]]"
23,,,0.7842942476272583,60.0,0.49000000000000005,0.3797719279193326,"[[ 0  4  3]
 [ 0 10  1]
 [ 0  0  2]]"
24,,,0.786521315574646,60.0,0.5363636363636364,0.4774573233961447,"[[ 0  1  6]
 [ 0 10  1]
 [ 0  0  2]]"
25,,,0.834446907043457,60.0,0.5571428571428572,0.5173964776109785,"[[ 0  0  7]
 [ 0 10  1]
 [ 0  0  2]]"
26,,,0.8588337302207947,60.0,0.5571428571428572,0.5173964776109785,"[[ 0  0  7]
 [ 0 10  1]
 [ 0  0  2]]"
27,,,0.8337181806564331,60.0,0.5571428571428572,0.5173964776109785,"[[ 0  0  7]
 [ 0 10  1]
 [ 0  0  2]]"
28,,,0.7908379435539246,60.0,0.5363636363636364,0.4774573233961447,"[[ 0  1  6]
 [ 0 10  1]
 [ 0  0  2]]"
29,,,0.7879902124404907,60.0,0.5363636363636364,0.4774573233961447,"[[ 0  1  6]
 [ 0 10  1]
 [ 0  0  2]]"
30,,,0.8010415434837341,60.0,0.5571428571428572,0.5173964776109785,"[[ 0  0  7]
 [ 0 10  1]
 [ 0  0  2]]"
31,,,0.8455372452735901,60.0,0.5571428571428572,0.5173964776109785,"[[ 0  0  7]
 [ 0 10  1]
 [ 0  0  2]]"
32,,,0.8626331686973572,60.0,0.5571428571428572,0.5173964776109785,"[[ 0  0  7]
 [ 0 10  1]
 [ 0  0  2]]"
33,,,0.8476415872573853,60.0,0.5571428571428572,0.5173964776109785,"[[ 0  0  7]
 [ 0 10  1]
 [ 0  0  2]]"
34,,,0.8160305023193359,60.0,0.5571428571428572,0.5173964776109785,"[[ 0  0  7]
 [ 0 10  1]
 [ 0  0  2]]"
35,,,0.8038284778594971,60.0,0.5571428571428572,0.5173964776109785,"[[ 0  0  7]
 [ 0 10  1]
 [ 0  0  2]]"
36,,,0.7888792157173157,60.0,0.5363636363636364,0.4774573233961447,"[[ 0  1  6]
 [ 0 10  1]
 [ 0  0  2]]"
37,,,0.7847149968147278,60.0,0.5363636363636364,0.4774573233961447,"[[ 0  1  6]
 [ 0 10  1]
 [ 0  0  2]]"
38,,,0.784687340259552,60.0,0.5363636363636364,0.4774573233961447,"[[ 0  1  6]
 [ 0 10  1]
 [ 0  0  2]]"
39,,,0.7863281965255737,60.0,0.5363636363636364,0.4774573233961447,"[[ 0  1  6]
 [ 0 10  1]
 [ 0  0  2]]"
40,,,0.7941297888755798,60.0,0.5571428571428572,0.5173964776109785,"[[ 0  0  7]
 [ 0 10  1]
 [ 0  0  2]]"
41,,,0.8079824447631836,60.0,0.5571428571428572,0.5173964776109785,"[[ 0  0  7]
 [ 0 10  1]
 [ 0  0  2]]"
42,,,0.8143886923789978,60.0,0.5571428571428572,0.5173964776109785,"[[ 0  0  7]
 [ 0 10  1]
 [ 0  0  2]]"
43,,,0.8150830268859863,60.0,0.5571428571428572,0.5173964776109785,"[[ 0  0  7]
 [ 0 10  1]
 [ 0  0  2]]"
44,,,0.8127238154411316,60.0,0.5571428571428572,0.5173964776109785,"[[ 0  0  7]
 [ 0 10  1]
 [ 0  0  2]]"
45,,,0.8093123435974121,60.0,0.5571428571428572,0.5173964776109785,"[[ 0  0  7]
 [ 0 10  1]
 [ 0  0  2]]"
46,,,0.8067718148231506,60.0,0.5571428571428572,0.5173964776109785,"[[ 0  0  7]
 [ 0 10  1]
 [ 0  0  2]]"
47,,,0.8057606220245361,60.0,0.5571428571428572,0.5173964776109785,"[[ 0  0  7]
 [ 0 10  1]
 [ 0  0  2]]"
48,,,0.8056352138519287,60.0,0.5571428571428572,0.5173964776109785,"[[ 0  0  7]
 [ 0 10  1]
 [ 0  0  2]]"
49,,,0.8055054545402527,60.0,0.5571428571428572,0.5173964776109785,"[[ 0  0  7]
 [ 0 10  1]
 [ 0  0  2]]"
0,,,1.3472814559936523,50.0,0.5238095238095238,0.4233243907726188,"[[ 0  0  7  0]
 [ 0 10  1  0]
 [ 0  0  0  0]
 [ 0  0  2  0]]"
1,,,1.2702151536941528,55.0,0.3903225806451613,0.0,"[[ 0  7  0]
 [ 0 11  0]
 [ 0  2  0]]"
2,,,1.1857867240905762,30.0,0.31555555555555553,0.25869823880548926,"[[0 0 7]
 [0 4 7]
 [0 0 2]]"
3,,,1.156898021697998,30.0,0.31555555555555553,0.25869823880548926,"[[0 0 7]
 [0 4 7]
 [0 0 2]]"
4,,,1.0388609170913696,60.0,0.5571428571428572,0.5173964776109785,"[[ 0  0  7]
 [ 0 10  1]
 [ 0  0  2]]"
5,,,0.9700738191604614,60.0,0.5571428571428572,0.5173964776109785,"[[ 0  0  7]
 [ 0 10  1]
 [ 0  0  2]]"
6,,,1.0963644981384277,35.0,0.3672794117647059,0.29871899562646265,"[[0 0 7]
 [0 5 6]
 [0 0 2]]"
7,,,1.0829041004180908,35.0,0.3672794117647059,0.29871899562646265,"[[0 0 7]
 [0 5 6]
 [0 0 2]]"
8,,,0.9748853445053101,50.0,0.4917293233082707,0.4224524549534127,"[[0 0 7]
 [0 8 3]
 [0 0 2]]"
9,,,0.9118083119392395,60.0,0.5571428571428572,0.5173964776109785,"[[ 0  0  7]
 [ 0 10  1]
 [ 0  0  2]]"
10,,,0.9428606629371643,45.0,0.45444444444444443,0.3796652174370442,"[[0 0 7]
 [0 7 4]
 [0 0 2]]"
11,,,0.9740882515907288,40.0,0.4132352941176471,0.33871550327940475,"[[0 0 7]
 [0 6 5]
 [0 0 2]]"
12,,,0.9326154589653015,50.0,0.4917293233082707,0.4224524549534127,"[[0 0 7]
 [0 8 3]
 [0 0 2]]"
13,,,0.891001284122467,60.0,0.5571428571428572,0.5173964776109785,"[[ 0  0  7]
 [ 0 10  1]
 [ 0  0  2]]"
14,,,0.9301915168762207,50.0,0.4917293233082707,0.4224524549534127,"[[0 0 7]
 [0 8 3]
 [0 0 2]]"
15,,,0.8978918194770813,60.0,0.5571428571428572,0.5173964776109785,"[[ 0  0  7]
 [ 0 10  1]
 [ 0  0  2]]"
16,,,0.8469852805137634,60.0,0.5182608695652174,0.44165483926947696,"[[ 0  2  5]
 [ 0 10  1]
 [ 0  0  2]]"
17,,,0.8467222452163696,60.0,0.5182608695652174,0.44165483926947696,"[[ 0  2  5]
 [ 0 10  1]
 [ 0  0  2]]"
18,,,0.8356856107711792,60.0,0.5363636363636364,0.4774573233961447,"[[ 0  1  6]
 [ 0 10  1]
 [ 0  0  2]]"
19,,,0.9152595400810242,45.0,0.45444444444444443,0.3796652174370442,"[[0 0 7]
 [0 7 4]
 [0 0 2]]"
20,,,0.9364804029464722,40.0,0.4132352941176471,0.33871550327940475,"[[0 0 7]
 [0 6 5]
 [0 0 2]]"
21,,,0.8665297031402588,60.0,0.5571428571428572,0.5173964776109785,"[[ 0  0  7]
 [ 0 10  1]
 [ 0  0  2]]"
22,,,0.7886615991592407,60.0,0.5182608695652174,0.44165483926947696,"[[ 0  2  5]
 [ 0 10  1]
 [ 0  0  2]]"
23,,,0.7842942476272583,60.0,0.49000000000000005,0.3797719279193326,"[[ 0  4  3]
 [ 0 10  1]
 [ 0  0  2]]"
24,,,0.786521315574646,60.0,0.5363636363636364,0.4774573233961447,"[[ 0  1  6]
 [ 0 10  1]
 [ 0  0  2]]"
25,,,0.834446907043457,60.0,0.5571428571428572,0.5173964776109785,"[[ 0  0  7]
 [ 0 10  1]
 [ 0  0  2]]"
26,,,0.8588337302207947,60.0,0.5571428571428572,0.5173964776109785,"[[ 0  0  7]
 [ 0 10  1]
 [ 0  0  2]]"
27,,,0.8337181806564331,60.0,0.5571428571428572,0.5173964776109785,"[[ 0  0  7]
 [ 0 10  1]
 [ 0  0  2]]"
28,,,0.7908379435539246,60.0,0.5363636363636364,0.4774573233961447,"[[ 0  1  6]
 [ 0 10  1]
 [ 0  0  2]]"
29,,,0.7879902124404907,60.0,0.5363636363636364,0.4774573233961447,"[[ 0  1  6]
 [ 0 10  1]
 [ 0  0  2]]"
30,,,0.8010415434837341,60.0,0.5571428571428572,0.5173964776109785,"[[ 0  0  7]
 [ 0 10  1]
 [ 0  0  2]]"
31,,,0.8455372452735901,60.0,0.5571428571428572,0.5173964776109785,"[[ 0  0  7]
 [ 0 10  1]
 [ 0  0  2]]"
32,,,0.8626331686973572,60.0,0.5571428571428572,0.5173964776109785,"[[ 0  0  7]
 [ 0 10  1]
 [ 0  0  2]]"
33,,,0.8476415872573853,60.0,0.5571428571428572,0.5173964776109785,"[[ 0  0  7]
 [ 0 10  1]
 [ 0  0  2]]"
34,,,0.8160305023193359,60.0,0.5571428571428572,0.5173964776109785,"[[ 0  0  7]
 [ 0 10  1]
 [ 0  0  2]]"
35,,,0.8038284778594971,60.0,0.5571428571428572,0.5173964776109785,"[[ 0  0  7]
 [ 0 10  1]
 [ 0  0  2]]"
36,,,0.7888792157173157,60.0,0.5363636363636364,0.4774573233961447,"[[ 0  1  6]
 [ 0 10  1]
 [ 0  0  2]]"
37,,,0.7847149968147278,60.0,0.5363636363636364,0.4774573233961447,"[[ 0  1  6]
 [ 0 10  1]
 [ 0  0  2]]"
38,,,0.784687340259552,60.0,0.5363636363636364,0.4774573233961447,"[[ 0  1  6]
 [ 0 10  1]
 [ 0  0  2]]"
39,,,0.7863281965255737,60.0,0.5363636363636364,0.4774573233961447,"[[ 0  1  6]
 [ 0 10  1]
 [ 0  0  2]]"
40,,,0.7941297888755798,60.0,0.5571428571428572,0.5173964776109785,"[[ 0  0  7]
 [ 0 10  1]
 [ 0  0  2]]"
41,,,0.8079824447631836,60.0,0.5571428571428572,0.5173964776109785,"[[ 0  0  7]
 [ 0 10  1]
 [ 0  0  2]]"
42,,,0.8143886923789978,60.0,0.5571428571428572,0.5173964776109785,"[[ 0  0  7]
 [ 0 10  1]
 [ 0  0  2]]"
43,,,0.8150830268859863,60.0,0.5571428571428572,0.5173964776109785,"[[ 0  0  7]
 [ 0 10  1]
 [ 0  0  2]]"
44,,,0.8127238154411316,60.0,0.5571428571428572,0.5173964776109785,"[[ 0  0  7]
 [ 0 10  1]
 [ 0  0  2]]"
45,,,0.8093123435974121,60.0,0.5571428571428572,0.5173964776109785,"[[ 0  0  7]
 [ 0 10  1]
 [ 0  0  2]]"
46,,,0.8067718148231506,60.0,0.5571428571428572,0.5173964776109785,"[[ 0  0  7]
 [ 0 10  1]
 [ 0  0  2]]"
47,,,0.8057606220245361,60.0,0.5571428571428572,0.5173964776109785,"[[ 0  0  7]
 [ 0 10  1]
 [ 0  0  2]]"
48,,,0.8056352138519287,60.0,0.5571428571428572,0.5173964776109785,"[[ 0  0  7]
 [ 0 10  1]
 [ 0  0  2]]"
49,,,0.8055054545402527,60.0,0.5571428571428572,0.5173964776109785,"[[ 0  0  7]
 [ 0 10  1]
 [ 0  0  2]]"
0,,,1.3144193291664124,44.0,0.43310344827586206,0.35609825855060384,"[[ 0  0 22  0]
 [ 0 34 18  0]
 [ 0  0 10  0]
 [ 0  1 15  0]]"
0,,,1.3031411170959473,51.0,0.4524119241192412,0.4110169491525424,"[[ 0  0 20  0]
 [ 0 34 11  0]
 [ 0  1 17  0]
 [ 0  1 16  0]]"
1,,,1.2291812300682068,45.0,0.2793103448275862,0.0,"[[ 0 20  0  0]
 [ 0 45  0  0]
 [ 0 18  0  0]
 [ 0 17  0  0]]"
1,,,1.1922327280044556,52.0,0.35578947368421054,0.0,"[[ 0 22  0  0]
 [ 0 52  0  0]
 [ 0 10  0  0]
 [ 0 16  0  0]]"
2,,,1.202464520931244,45.0,0.2793103448275862,0.0,"[[ 0 20  0  0]
 [ 0 45  0  0]
 [ 0 18  0  0]
 [ 0 17  0  0]]"
2,,,1.1331495642662048,52.0,0.35578947368421054,0.0,"[[ 0 22  0  0]
 [ 0 52  0  0]
 [ 0 10  0  0]
 [ 0 16  0  0]]"
3,,,1.1028044819831848,45.0,0.2793103448275862,0.0,"[[ 0 20  0  0]
 [ 0 45  0  0]
 [ 0 18  0  0]
 [ 0 17  0  0]]"
3,,,1.0695027112960815,52.0,0.35578947368421054,0.0,"[[ 0 22  0  0]
 [ 0 52  0  0]
 [ 0 10  0  0]
 [ 0 16  0  0]]"
4,,,1.053977906703949,50.0,0.3871600370027752,0.24780675670866933,"[[ 0  8  0 12]
 [ 0 43  0  2]
 [ 0  9  0  9]
 [ 0 10  0  7]]"
4,,,1.0169886946678162,56.0,0.44453028972783143,0.24006085315815634,"[[ 0 14  0  8]
 [ 0 50  0  2]
 [ 0  8  0  2]
 [ 0 10  0  6]]"
5,,,1.0287748575210571,50.0,0.3890570175438597,0.25066788563055664,"[[ 0  7  0 13]
 [ 0 43  0  2]
 [ 0  9  0  9]
 [ 0 10  0  7]]"
5,,,0.9968345761299133,57.0,0.45748710542603677,0.27137490704369505,"[[ 0 12  0 10]
 [ 0 50  0  2]
 [ 0  8  0  2]
 [ 0  9  0  7]]"
6,,,1.0476582050323486,48.0,0.3647449677545437,0.19861341256779858,"[[ 0  8  0 12]
 [ 0 43  0  2]
 [ 0 11  0  7]
 [ 0 12  0  5]]"
6,,,0.981076568365097,57.0,0.44728132387706865,0.25201123640773426,"[[ 0 18  0  4]
 [ 0 51  0  1]
 [ 0 10  0  0]
 [ 0 10  0  6]]"
7,,,1.0113982260227203,50.0,0.43338433292533657,0.3708022199126167,"[[ 0  1  0 19]
 [ 0 35  0 10]
 [ 0  3  0 15]
 [ 0  2  0 15]]"
7,,,0.9942634403705597,51.0,0.47720823798627005,0.3700537766383364,"[[ 0  1  0 21]
 [ 0 37  0 15]
 [ 0  0  0 10]
 [ 0  2  0 14]]"
8,,,0.9899174273014069,52.0,0.415,0.3047169247960687,"[[ 0  5  0 15]
 [ 0 43  0  2]
 [ 0  7  0 11]
 [ 0  8  0  9]]"
8,,,0.9495571851730347,58.0,0.4846666666666667,0.33052772745051445,"[[ 0  7  0 15]
 [ 0 49  0  3]
 [ 0  5  0  5]
 [ 0  7  0  9]]"
9,,,0.9703129827976227,50.0,0.423441712926249,0.3127927072209541,"[[ 0  1  0 19]
 [ 0 40  0  5]
 [ 0  4  0 14]
 [ 0  7  0 10]]"
9,,,0.9244058132171631,53.0,0.47,0.32200094199701845,"[[ 0  5  0 17]
 [ 0 41  0 11]
 [ 0  2  0  8]
 [ 0  4  0 12]]"
10,,,0.9659202396869659,50.0,0.43338433292533657,0.3708022199126167,"[[ 0  1  0 19]
 [ 0 35  0 10]
 [ 0  3  0 15]
 [ 0  2  0 15]]"
10,,,0.9493931531906128,51.0,0.47720823798627005,0.3700537766383364,"[[ 0  1  0 21]
 [ 0 37  0 15]
 [ 0  0  0 10]
 [ 0  2  0 14]]"
11,,,0.993643581867218,50.0,0.4368220015278838,0.37711070898780563,"[[ 0  1  0 19]
 [ 0 35  0 10]
 [ 0  2  0 16]
 [ 0  2  0 15]]"
11,,,0.941124677658081,52.0,0.48909401709401706,0.4046781803625127,"[[ 0  0  0 22]
 [ 0 37  0 15]
 [ 0  0  0 10]
 [ 0  1  0 15]]"
12,,,0.9971830546855927,49.0,0.4656960408684547,0.37639401421929114,"[[ 0  0  0 22]
 [ 0 34  0 18]
 [ 0  0  0 10]
 [ 0  1  0 15]]"
12,,,1.0291591882705688,47.0,0.4224542124542124,0.3741544980011523,"[[ 0  0  0 20]
 [ 0 31  0 14]
 [ 0  1  0 17]
 [ 0  1  0 16]]"
13,,,1.0119815468788147,45.0,0.2793103448275862,0.0,"[[ 0 20  0  0]
 [ 0 45  0  0]
 [ 0 18  0  0]
 [ 0 17  0  0]]"
13,,,0.9697620272636414,52.0,0.35578947368421054,0.0,"[[ 0 22  0  0]
 [ 0 52  0  0]
 [ 0 10  0  0]
 [ 0 16  0  0]]"
14,,,0.9367178678512573,50.0,0.423441712926249,0.3127927072209541,"[[ 0  1  0 19]
 [ 0 40  0  5]
 [ 0  4  0 14]
 [ 0  7  0 10]]"
14,,,0.9201363623142242,53.0,0.47,0.32200094199701845,"[[ 0  5  0 17]
 [ 0 41  0 11]
 [ 0  2  0  8]
 [ 0  4  0 12]]"
15,,,0.9306899011135101,56.0,0.4458345864661654,0.24317180228240057,"[[ 0 13  0  9]
 [ 0 50  0  2]
 [ 0  8  0  2]
 [ 0 10  0  6]]"
15,,,1.000737488269806,50.0,0.3871600370027752,0.24780675670866933,"[[ 0  8  0 12]
 [ 0 43  0  2]
 [ 0  9  0  9]
 [ 0 10  0  7]]"
16,,,0.9520240426063538,51.0,0.41622015915119365,0.30119065074686524,"[[ 0  4  0 16]
 [ 0 42  0  3]
 [ 0  5  0 13]
 [ 0  8  0  9]]"
16,,,0.8989250957965851,58.0,0.4846666666666667,0.33052772745051445,"[[ 0  7  0 15]
 [ 0 49  0  3]
 [ 0  5  0  5]
 [ 0  7  0  9]]"
17,,,0.9332131147384644,50.0,0.42529457973291435,0.3220338983050847,"[[ 0  1  0 19]
 [ 0 39  0  6]
 [ 0  4  0 14]
 [ 0  6  0 11]]"
17,,,0.9036861658096313,53.0,0.4762210338680927,0.3344158383091623,"[[ 0  3  0 19]
 [ 0 41  0 11]
 [ 0  2  0  8]
 [ 0  4  0 12]]"
18,,,1.0072497129440308,48.0,0.4300991307000153,0.38427386051600376,"[[ 0  0  0 20]
 [ 0 32  0 13]
 [ 0  1  0 17]
 [ 0  1  0 16]]"
18,,,0.9813133180141449,50.0,0.4736363636363636,0.38575160296188465,"[[ 0  0  0 22]
 [ 0 35  0 17]
 [ 0  0  0 10]
 [ 0  1  0 15]]"
19,,,0.9321812391281128,50.0,0.423441712926249,0.3127927072209541,"[[ 0  1  0 19]
 [ 0 40  0  5]
 [ 0  4  0 14]
 [ 0  7  0 10]]"
19,,,0.8920354247093201,53.0,0.46704761904761904,0.3159762080056579,"[[ 0  5  0 17]
 [ 0 41  0 11]
 [ 0  3  0  7]
 [ 0  4  0 12]]"
20,,,0.9258901476860046,56.0,0.44235294117647056,0.23428982318615246,"[[ 0 15  0  7]
 [ 0 50  0  2]
 [ 0  9  0  1]
 [ 0 10  0  6]]"
20,,,0.9964092969894409,50.0,0.3871600370027752,0.24780675670866933,"[[ 0  8  0 12]
 [ 0 43  0  2]
 [ 0  9  0  9]
 [ 0 10  0  7]]"
21,,,0.88496533036232,53.0,0.46704761904761904,0.3159762080056579,"[[ 0  5  0 17]
 [ 0 41  0 11]
 [ 0  3  0  7]
 [ 0  4  0 12]]"
21,,,0.9376634657382965,50.0,0.423441712926249,0.3127927072209541,"[[ 0  1  0 19]
 [ 0 40  0  5]
 [ 0  4  0 14]
 [ 0  7  0 10]]"
22,,,1.0162201225757599,48.0,0.3647449677545437,0.19861341256779858,"[[ 0  8  0 12]
 [ 0 43  0  2]
 [ 0 11  0  7]
 [ 0 12  0  5]]"
22,,,0.9442965686321259,57.0,0.44728132387706865,0.25201123640773426,"[[ 0 18  0  4]
 [ 0 51  0  1]
 [ 0 10  0  0]
 [ 0 10  0  6]]"
23,,,0.9322181642055511,50.0,0.42529457973291435,0.3220338983050847,"[[ 0  1  0 19]
 [ 0 39  0  6]
 [ 0  4  0 14]
 [ 0  6  0 11]]"
23,,,0.8831459581851959,53.0,0.4762210338680927,0.3344158383091623,"[[ 0  3  0 19]
 [ 0 41  0 11]
 [ 0  2  0  8]
 [ 0  4  0 12]]"
24,,,0.8825880289077759,53.0,0.47,0.32200094199701845,"[[ 0  5  0 17]
 [ 0 41  0 11]
 [ 0  2  0  8]
 [ 0  4  0 12]]"
24,,,0.9224432110786438,50.0,0.423441712926249,0.3127927072209541,"[[ 0  1  0 19]
 [ 0 40  0  5]
 [ 0  4  0 14]
 [ 0  7  0 10]]"
25,,,0.8906091749668121,53.0,0.47,0.32200094199701845,"[[ 0  5  0 17]
 [ 0 41  0 11]
 [ 0  2  0  8]
 [ 0  4  0 12]]"
25,,,0.9203656017780304,50.0,0.423441712926249,0.3127927072209541,"[[ 0  1  0 19]
 [ 0 40  0  5]
 [ 0  4  0 14]
 [ 0  7  0 10]]"
26,,,0.9548926651477814,51.0,0.3999357142857143,0.27466833090258,"[[ 0  7  0 13]
 [ 0 43  0  2]
 [ 0  8  0 10]
 [ 0  9  0  8]]"
26,,,0.8995093405246735,57.0,0.46225,0.28106398184483883,"[[ 0  9  0 13]
 [ 0 50  0  2]
 [ 0  8  0  2]
 [ 0  9  0  7]]"
27,,,0.8780756294727325,55.0,0.4740066382171645,0.31778124967680466,"[[ 0  7  0 15]
 [ 0 44  0  8]
 [ 0  3  0  7]
 [ 0  5  0 11]]"
27,,,0.9394492506980896,50.0,0.412764705882353,0.291686230121294,"[[ 0  4  0 16]
 [ 0 41  0  4]
 [ 0  4  0 14]
 [ 0  8  0  9]]"
28,,,0.9456305205821991,50.0,0.43338433292533657,0.3708022199126167,"[[ 0  1  0 19]
 [ 0 35  0 10]
 [ 0  3  0 15]
 [ 0  2  0 15]]"
28,,,0.9138971269130707,51.0,0.4766417481311098,0.35447121951070737,"[[ 0  1  0 21]
 [ 0 38  0 14]
 [ 0  0  0 10]
 [ 0  3  0 13]]"
29,,,0.9319112300872803,51.0,0.47720823798627005,0.3700537766383364,"[[ 0  1  0 21]
 [ 0 37  0 15]
 [ 0  0  0 10]
 [ 0  2  0 14]]"
29,,,0.9507831037044525,50.0,0.43338433292533657,0.3708022199126167,"[[ 0  1  0 19]
 [ 0 35  0 10]
 [ 0  3  0 15]
 [ 0  2  0 15]]"
30,,,0.9366127550601959,51.0,0.43340425531914895,0.3437975799526397,"[[ 0  1  0 19]
 [ 0 39  0  6]
 [ 0  4  0 14]
 [ 0  5  0 12]]"
30,,,0.9163965880870819,52.0,0.47585419411506363,0.33643002504173847,"[[ 0  2  0 20]
 [ 0 40  0 12]
 [ 0  1  0  9]
 [ 0  4  0 12]]"
31,,,0.9448977410793304,51.0,0.4814336509742569,0.3951767474698757,"[[ 0  0  0 22]
 [ 0 36  0 16]
 [ 0  0  0 10]
 [ 0  1  0 15]]"
31,,,0.9629950821399689,51.0,0.4447435897435898,0.401011268132567,"[[ 0  1  0 19]
 [ 0 35  0 10]
 [ 0  2  0 16]
 [ 0  1  0 16]]"
32,,,0.8839420080184937,52.0,0.4691946209546328,0.3232159544647274,"[[ 0  3  0 19]
 [ 0 40  0 12]
 [ 0  2  0  8]
 [ 0  4  0 12]]"
32,,,0.9235309660434723,50.0,0.42529457973291435,0.3220338983050847,"[[ 0  1  0 19]
 [ 0 39  0  6]
 [ 0  4  0 14]
 [ 0  6  0 11]]"
33,,,0.8735288679599762,52.0,0.4691946209546328,0.3232159544647274,"[[ 0  3  0 19]
 [ 0 40  0 12]
 [ 0  2  0  8]
 [ 0  4  0 12]]"
33,,,0.9450087249279022,50.0,0.42529457973291435,0.3220338983050847,"[[ 0  1  0 19]
 [ 0 39  0  6]
 [ 0  4  0 14]
 [ 0  6  0 11]]"
34,,,0.9318386316299438,50.0,0.4268723702664796,0.33179096275715086,"[[ 0  1  0 19]
 [ 0 38  0  7]
 [ 0  4  0 14]
 [ 0  5  0 12]]"
34,,,0.9053721129894257,52.0,0.4793469387755102,0.3432604015157405,"[[ 0  2  0 20]
 [ 0 40  0 12]
 [ 0  0  0 10]
 [ 0  4  0 12]]"
35,,,0.9157692790031433,50.0,0.42529457973291435,0.3220338983050847,"[[ 0  1  0 19]
 [ 0 39  0  6]
 [ 0  4  0 14]
 [ 0  6  0 11]]"
35,,,0.8849805593490601,53.0,0.4762210338680927,0.3344158383091623,"[[ 0  3  0 19]
 [ 0 41  0 11]
 [ 0  2  0  8]
 [ 0  4  0 12]]"
36,,,0.9396827816963196,51.0,0.43936278282284136,0.3701322427980984,"[[ 0  1  0 19]
 [ 0 37  0  8]
 [ 0  3  0 15]
 [ 0  3  0 14]]"
36,,,0.8901649415493011,51.0,0.4766417481311098,0.35447121951070737,"[[ 0  1  0 21]
 [ 0 38  0 14]
 [ 0  0  0 10]
 [ 0  3  0 13]]"
37,,,1.0949680507183075,47.0,0.3351933021423295,0.1445860708817403,"[[ 0 14  0  6]
 [ 0 44  0  1]
 [ 0 14  0  4]
 [ 0 14  0  3]]"
37,,,1.0129314959049225,56.0,0.435,0.22317871483029006,"[[ 0 20  0  2]
 [ 0 51  0  1]
 [ 0 10  0  0]
 [ 0 11  0  5]]"
38,,,0.9170596897602081,50.0,0.423441712926249,0.3127927072209541,"[[ 0  1  0 19]
 [ 0 40  0  5]
 [ 0  4  0 14]
 [ 0  7  0 10]]"
38,,,0.8679202497005463,53.0,0.47,0.32200094199701845,"[[ 0  5  0 17]
 [ 0 41  0 11]
 [ 0  2  0  8]
 [ 0  4  0 12]]"
39,,,0.9613818228244781,51.0,0.4447435897435898,0.401011268132567,"[[ 0  1  0 19]
 [ 0 35  0 10]
 [ 0  2  0 16]
 [ 0  1  0 16]]"
39,,,0.9383307695388794,51.0,0.4814336509742569,0.3951767474698757,"[[ 0  0  0 22]
 [ 0 36  0 16]
 [ 0  0  0 10]
 [ 0  1  0 15]]"
40,,,0.9292435646057129,51.0,0.42108423957149815,0.3127685741725629,"[[ 0  4  0 16]
 [ 0 41  0  4]
 [ 0  4  0 14]
 [ 0  7  0 10]]"
40,,,0.8740120530128479,55.0,0.4753599751205101,0.32849862235278793,"[[ 0  7  0 15]
 [ 0 43  0  9]
 [ 0  3  0  7]
 [ 0  4  0 12]]"
41,,,0.9204526841640472,50.0,0.423441712926249,0.3127927072209541,"[[ 0  1  0 19]
 [ 0 40  0  5]
 [ 0  4  0 14]
 [ 0  7  0 10]]"
41,,,0.8681196868419647,53.0,0.47,0.32200094199701845,"[[ 0  5  0 17]
 [ 0 41  0 11]
 [ 0  2  0  8]
 [ 0  4  0 12]]"
42,,,0.931191086769104,51.0,0.43936278282284136,0.3701322427980984,"[[ 0  1  0 19]
 [ 0 37  0  8]
 [ 0  3  0 15]
 [ 0  3  0 14]]"
42,,,0.899233877658844,51.0,0.4766417481311098,0.35447121951070737,"[[ 0  1  0 21]
 [ 0 38  0 14]
 [ 0  0  0 10]
 [ 0  3  0 13]]"
43,,,0.9705942571163177,51.0,0.4447435897435898,0.401011268132567,"[[ 0  1  0 19]
 [ 0 35  0 10]
 [ 0  2  0 16]
 [ 0  1  0 16]]"
43,,,0.9725429117679596,51.0,0.4814336509742569,0.3951767474698757,"[[ 0  0  0 22]
 [ 0 36  0 16]
 [ 0  0  0 10]
 [ 0  1  0 15]]"
44,,,0.8859906494617462,52.0,0.4691946209546328,0.3232159544647274,"[[ 0  3  0 19]
 [ 0 40  0 12]
 [ 0  2  0  8]
 [ 0  4  0 12]]"
44,,,0.9194058775901794,50.0,0.42529457973291435,0.3220338983050847,"[[ 0  1  0 19]
 [ 0 39  0  6]
 [ 0  4  0 14]
 [ 0  6  0 11]]"
45,,,0.8765144348144531,54.0,0.46723510971786836,0.3052589174055991,"[[ 0  7  0 15]
 [ 0 43  0  9]
 [ 0  3  0  7]
 [ 0  5  0 11]]"
45,,,0.9252603054046631,50.0,0.412764705882353,0.291686230121294,"[[ 0  4  0 16]
 [ 0 41  0  4]
 [ 0  4  0 14]
 [ 0  8  0  9]]"
46,,,0.9218406081199646,51.0,0.42108423957149815,0.3127685741725629,"[[ 0  4  0 16]
 [ 0 41  0  4]
 [ 0  4  0 14]
 [ 0  7  0 10]]"
46,,,0.8722769320011139,55.0,0.4753599751205101,0.32849862235278793,"[[ 0  7  0 15]
 [ 0 43  0  9]
 [ 0  3  0  7]
 [ 0  4  0 12]]"
47,,,0.9274328649044037,51.0,0.43936278282284136,0.3701322427980984,"[[ 0  1  0 19]
 [ 0 37  0  8]
 [ 0  3  0 15]
 [ 0  3  0 14]]"
47,,,0.8915750980377197,51.0,0.4766417481311098,0.35447121951070737,"[[ 0  1  0 21]
 [ 0 38  0 14]
 [ 0  0  0 10]
 [ 0  3  0 13]]"
48,,,0.9113548696041107,49.0,0.4171401515151515,0.3003990688738055,"[[ 0  1  0 19]
 [ 0 39  0  6]
 [ 0  4  0 14]
 [ 0  7  0 10]]"
48,,,0.8876169621944427,53.0,0.4771161387631976,0.332231815843793,"[[ 0  3  1 18]
 [ 0 41  0 11]
 [ 0  2  0  8]
 [ 0  4  0 12]]"
49,,,0.9748200476169586,51.0,0.4447435897435898,0.401011268132567,"[[ 0  1  0 19]
 [ 0 35  0 10]
 [ 0  2  0 16]
 [ 0  1  0 16]]"
49,,,0.9639791250228882,51.0,0.4814336509742569,0.3951767474698757,"[[ 0  0  0 22]
 [ 0 36  0 16]
 [ 0  0  0 10]
 [ 0  1  0 15]]"
0,,,1.3941372337206355,20.47421737912323,0.10111482421284916,0.054286385173017974,"[[    0   334  9904     0]
 [    0   802  8423     0]
 [    0   416 13083     0]
 [    0 24943  9912     0]]"
0,,,1.3935802849958527,20.424082457200996,0.10084699266832062,0.0508596880556382,"[[    0   311 10024     0]
 [    0   755  8545     0]
 [    0   482 13096     0]
 [    0 24655  9949     0]]"
1,,,1.110174764664668,50.96952091658434,0.3445394844451685,-0.012943654013159821,"[[    0     0     0 10335]
 [    0     0     0  9300]
 [    0     0     0 13578]
 [    0    38     0 34566]]"
1,,,1.1081073658646277,51.34258371794683,0.3487169717231842,-0.012526327191912807,"[[    0     0     0 10238]
 [    0     0     0  9225]
 [    0     0     0 13499]
 [    0    36     0 34819]]"
2,,,0.8952848753276861,51.39566775292331,0.34895511912267063,0.0,"[[    0     0     0 10238]
 [    0     0     0  9225]
 [    0     0     0 13499]
 [    0     0     0 34855]]"
2,,,0.9001856857875608,51.025554064615065,0.34479028184687505,0.0,"[[    0     0     0 10335]
 [    0     0     0  9300]
 [    0     0     0 13578]
 [    0     0     0 34604]]"
3,,,0.8416243346794596,51.025554064615065,0.34479028184687505,0.0,"[[    0     0     0 10335]
 [    0     0     0  9300]
 [    0     0     0 13578]
 [    0     0     0 34604]]"
3,,,0.8364574682600093,51.39566775292331,0.34895511912267063,0.0,"[[    0     0     0 10238]
 [    0     0     0  9225]
 [    0     0     0 13499]
 [    0     0     0 34855]]"
4,,,0.7899867123590325,60.822507630830025,0.5049595731222826,0.35265399674560555,"[[    0     0  5659  4579]
 [    0     0  3866  5359]
 [    0     0  7555  5944]
 [    0     0  1162 33693]]"
4,,,0.7953821583176559,60.4288010380878,0.5008304960473786,0.34975472807503377,"[[    0     0  5755  4580]
 [    0     0  3966  5334]
 [    0     0  7588  5990]
 [    0     0  1211 33393]]"
5,,,0.7530461162891028,62.025745756963595,0.5336741634663716,0.4221212137936128,"[[    0     0  8054  2281]
 [    0     0  6209  3091]
 [    0     0 10647  2931]
 [    0     0  3187 31417]]"
5,,,0.7476373317669023,62.333928071132604,0.5375219528565239,0.42468230961808034,"[[    0     0  8102  2136]
 [    0     0  6054  3171]
 [    0     0 10617  2882]
 [    0     0  3199 31656]]"
6,,,0.7324800170817465,61.785393043042305,0.5354987714874087,0.4287427972094614,"[[    0     0  8388  1947]
 [    0     0  6567  2733]
 [    0     0 11096  2482]
 [    0     0  3799 30805]]"
6,,,0.726967405907388,62.16140495745904,0.5397666940025189,0.431995307531313,"[[    0     0  8423  1815]
 [    0     0  6417  2808]
 [    0     0 11044  2455]
 [    0     0  3743 31112]]"
7,,,0.7193954974975226,62.291165931845995,0.5395399219268124,0.43043287826444937,"[[    0     0  8339  1899]
 [    0     0  6281  2944]
 [    0     0 10899  2600]
 [    0     0  3510 31345]]"
7,,,0.7249619811210992,61.91073034784788,0.5351271951281007,0.4268928362775331,"[[    0     0  8255  2080]
 [    0     0  6448  2852]
 [    0     0 10947  2631]
 [    0     0  3565 31039]]"
8,,,0.7195526522566688,61.9534924871345,0.5353423528406122,0.42727646965976884,"[[    0     0  8243  2092]
 [    0     0  6438  2862]
 [    0     0 10943  2635]
 [    0     0  3532 31072]]"
8,,,0.7138985509017728,62.34424996682248,0.5398322308727066,0.43106048956541576,"[[    0     0  8328  1910]
 [    0     0  6263  2962]
 [    0     0 10907  2592]
 [    0     0  3482 31373]]"
9,,,0.7099148314797653,62.37816476694634,0.5399643987473379,0.43116825039461615,"[[    0     0  8322  1916]
 [    0     0  6252  2973]
 [    0     0 10888  2611]
 [    0     0  3440 31415]]"
9,,,0.7156071656155136,61.999203739475355,0.5355626335211915,0.4276326618135384,"[[    0     0  8237  2098]
 [    0     0  6421  2879]
 [    0     0 10934  2644]
 [    0     0  3492 31112]]"
10,,,0.709061531188353,62.333928071132604,0.5407756388843428,0.4338574453565547,"[[    0     0  8409  1829]
 [    0     0  6375  2850]
 [    0     0 11040  2459]
 [    0     0  3622 31233]]"
10,,,0.7147851317277495,61.97561083504136,0.5364685012379904,0.4304228177579425,"[[    0     0  8327  2008]
 [    0     0  6535  2765]
 [    0     0 11078  2500]
 [    0     0  3652 30952]]"
11,,,0.7063791986062842,62.36931742778359,0.5404107309004295,0.43249201624061506,"[[    0     0  8364  1874]
 [    0     0  6308  2917]
 [    0     0 10953  2546]
 [    0     0  3511 31344]]"
11,,,0.7121288721853832,62.01100019169235,0.5361604924960139,0.4292113715077678,"[[    0     0  8279  2056]
 [    0     0  6482  2818]
 [    0     0 10996  2582]
 [    0     0  3546 31058]]"
12,,,0.7074706973051125,62.11274459206394,0.5358216945030462,0.4276431785017978,"[[    0     0  8185  2150]
 [    0     0  6367  2933]
 [    0     0 10864  2714]
 [    0     0  3345 31259]]"
12,,,0.7017139635558398,62.46516360204669,0.5400862110627863,0.4309359532922186,"[[    0     0  8262  1976]
 [    0     0  6219  3006]
 [    0     0 10822  2677]
 [    0     0  3315 31540]]"
13,,,0.7042098487323185,62.25872568824926,0.5346842525013666,0.42395714053959443,"[[    0     0  7972  2363]
 [    0     0  6131  3169]
 [    0     0 10609  2969]
 [    0     0  2991 31613]]"
13,,,0.698423640176935,62.59345001990651,0.5388941123688281,0.4270788339958542,"[[    0     0  8061  2177]
 [    0     0  6000  3225]
 [    0     0 10565  2934]
 [    0     0  2971 31884]]"
14,,,0.7033288454953229,62.27199669699338,0.5424700100916156,0.43916771538921784,"[[    0     0  8586  1652]
 [    0     0  6612  2613]
 [    0     0 11294  2205]
 [    0     0  3918 30937]]"
14,,,0.7092891500524755,61.91515401742926,0.5381376846999363,0.4354859095081804,"[[    0     0  8529  1806]
 [    0     0  6754  2546]
 [    0     0 11314  2264]
 [    0     0  3929 30675]]"
15,,,0.6967495694475354,62.53299320229441,0.5421851319775319,0.43645941650059816,"[[    0     0  8401  1837]
 [    0     0  6387  2838]
 [    0     0 11035  2464]
 [    0     0  3482 31373]]"
15,,,0.7026193405659693,62.1348629399708,0.5376208738852102,0.43238945341466756,"[[    0     0  8331  2004]
 [    0     0  6554  2746]
 [    0     0 11055  2523]
 [    0     0  3521 31083]]"
0,,,0.7303002044277371,48.60433224707669,0.31794242838848213,0.0,"[[32962     0]
 [34855     0]]"
0,,,0.7295000974299772,48.974445935384935,0.3220010438190517,0.0,"[[33213     0]
 [34604     0]]"
0,,,0.7303002044277371,48.60433224707669,0.31794242838848213,0.0,"[[32962     0]
 [34855     0]]"
0,,,0.7295000974299772,48.974445935384935,0.3220010438190517,0.0,"[[33213     0]
 [34604     0]]"
0,,,0.7295000974299772,48.974445935384935,0.3220010438190517,0.0,"[[33213     0]
 [34604     0]]"
0,,,0.7303002044277371,48.60433224707669,0.31794242838848213,0.0,"[[32962     0]
 [34855     0]]"
1,,,0.6653316165478724,74.44593538493298,0.7301056902885661,0.5665765694731737,"[[32628   334]
 [16996 17859]]"
1,,,0.6654130226598596,74.35451288025126,0.7285038093483795,0.5637125234210649,"[[32872   341]
 [17051 17553]]"
1,,,0.6654130226598596,74.35451288025126,0.7285038093483795,0.5637125234210649,"[[32872   341]
 [17051 17553]]"
1,,,0.6653316165478724,74.44593538493298,0.7301056902885661,0.5665765694731737,"[[32628   334]
 [16996 17859]]"
0,,,0.7792914946124239,23.14169013669139,0.1996960058148236,-0.594518525470396,"[[  754 32459]
 [19664 14940]]"
0,,,0.7801260701890261,23.249332763171477,0.2018617861617558,-0.5935788530115531,"[[  770 32192]
 [19858 14997]]"
1,,,0.6654130226598596,74.35451288025126,0.7285038093483795,0.5637125234210649,"[[32872   341]
 [17051 17553]]"
1,,,0.6653316165478724,74.44593538493298,0.7301056902885661,0.5665765694731737,"[[32628   334]
 [16996 17859]]"
2,,,0.5253472842135519,82.31269445714202,0.8203264912318333,0.6752605173916268,"[[31704  1258]
 [10737 24118]]"
2,,,0.5263696471194051,82.25518675258417,0.8195337057946338,0.6736969592926408,"[[31948  1265]
 [10769 23835]]"
1,,,0.50806544999469,85.49183832962237,0.8549315186885902,0.7101639293530068,"[[28771  4442]
 [ 5397 29207]]"
1,,,0.5070060023721659,85.56409159945146,0.855668753648973,0.7116405618762017,"[[28588  4374]
 [ 5416 29439]]"
2,,,0.5263696471194051,82.25518675258417,0.8195337057946338,0.6736969592926408,"[[31948  1265]
 [10769 23835]]"
2,,,0.5253472842135519,82.31269445714202,0.8203264912318333,0.6752605173916268,"[[31704  1258]
 [10737 24118]]"
2,,,0.5263696471194051,82.25518675258417,0.8195337057946338,0.6736969592926408,"[[31948  1265]
 [10769 23835]]"
2,,,0.5253472842135519,82.31269445714202,0.8203264912318333,0.6752605173916268,"[[31704  1258]
 [10737 24118]]"
3,,,0.4426702641934719,83.1192768774791,0.829153393813648,0.6856924363472343,"[[31451  1511]
 [ 9937 24918]]"
3,,,0.4439973418161554,83.06619284250262,0.8284217373599173,0.684475749945664,"[[31713  1500]
 [ 9984 24620]]"
2,,,0.38664595462241264,85.68500523467567,0.8568172092613735,0.7150794914893295,"[[29327  3886]
 [ 5822 28782]]"
2,,,0.3847332238026385,85.79707153073713,0.85796640903932,0.7173814872836158,"[[29128  3834]
 [ 5798 29057]]"
3,,,0.4439973418161554,83.06619284250262,0.8284217373599173,0.684475749945664,"[[31713  1500]
 [ 9984 24620]]"
3,,,0.4426702641934719,83.1192768774791,0.829153393813648,0.6856924363472343,"[[31451  1511]
 [ 9937 24918]]"
3,,,0.4439973418161554,83.06619284250262,0.8284217373599173,0.684475749945664,"[[31713  1500]
 [ 9984 24620]]"
3,,,0.4426702641934719,83.1192768774791,0.829153393813648,0.6856924363472343,"[[31451  1511]
 [ 9937 24918]]"
4,,,0.39608818396644774,83.71204860138313,0.8354855573196457,0.6925782901148919,"[[31439  1774]
 [ 9272 25332]]"
4,,,0.39456557743954207,83.78430187121224,0.8363971131163883,0.6939431556489645,"[[31163  1799]
 [ 9198 25657]]"
3,,,0.3538192001153838,85.73661471312502,0.8573418619512296,0.7159581435586757,"[[29287  3926]
 [ 5747 28857]]"
3,,,0.35146364892991083,85.8678502440391,0.8586818273722888,0.7186136899667906,"[[29087  3875]
 [ 5709 29146]]"
4,,,0.39608818396644774,83.71204860138313,0.8354855573196457,0.6925782901148919,"[[31439  1774]
 [ 9272 25332]]"
4,,,0.39456557743954207,83.78430187121224,0.8363971131163883,0.6939431556489645,"[[31163  1799]
 [ 9198 25657]]"
4,,,0.39608818396644774,83.71204860138313,0.8354855573196457,0.6925782901148919,"[[31439  1774]
 [ 9272 25332]]"
4,,,0.39456557743954207,83.78430187121224,0.8363971131163883,0.6939431556489645,"[[31163  1799]
 [ 9198 25657]]"
5,,,0.37175903778593494,84.28565109043456,0.8418646879781311,0.6995995913547882,"[[30836  2126]
 [ 8531 26324]]"
5,,,0.37323560799067873,84.25910907294632,0.8414644479617982,0.698984415663805,"[[31105  2108]
 [ 8567 26037]]"
4,,,0.34544006248690046,85.58326083430408,0.8557026096562024,0.7145564952842659,"[[29748  3465]
 [ 6312 28292]]"
4,,,0.3429900983594499,85.71597092174528,0.8570802434962054,0.7172064452410387,"[[29521  3441]
 [ 6246 28609]]"
5,,,0.37323560799067873,84.25910907294632,0.8414644479617982,0.698984415663805,"[[31105  2108]
 [ 8567 26037]]"
5,,,0.37175903778593494,84.28565109043456,0.8418646879781311,0.6995995913547882,"[[30836  2126]
 [ 8531 26324]]"
5,,,0.37323560799067873,84.25910907294632,0.8414644479617982,0.698984415663805,"[[31105  2108]
 [ 8567 26037]]"
5,,,0.37175903778593494,84.28565109043456,0.8418646879781311,0.6995995913547882,"[[30836  2126]
 [ 8531 26324]]"
6,,,0.35920808999887055,85.10402996298863,0.8506716921021563,0.7090282374158259,"[[30135  2827]
 [ 7275 27580]]"
6,,,0.36092811467231445,85.07601338897327,0.8503187361247839,0.7082798950565707,"[[30375  2838]
 [ 7283 27321]]"
5,,,0.3415010081147248,85.67910700856717,0.8566971587837869,0.7159541301956097,"[[29640  3573]
 [ 6139 28465]]"
5,,,0.3389216738770593,85.78674963504726,0.8578208834433442,0.7180419115098047,"[[29391  3571]
 [ 6068 28787]]"
6,,,0.36092811467231445,85.07601338897327,0.8503187361247839,0.7082798950565707,"[[30375  2838]
 [ 7283 27321]]"
6,,,0.35920808999887055,85.10402996298863,0.8506716921021563,0.7090282374158259,"[[30135  2827]
 [ 7275 27580]]"
6,,,0.36092811467231445,85.07601338897327,0.8503187361247839,0.7082798950565707,"[[30375  2838]
 [ 7283 27321]]"
6,,,0.35920808999887055,85.10402996298863,0.8506716921021563,0.7090282374158259,"[[30135  2827]
 [ 7275 27580]]"
7,,,0.35748446393968925,84.98606544081868,0.8494123503335121,0.7076495563202831,"[[30255  2707]
 [ 7475 27380]]"
7,,,0.35911528723982145,84.95362519722194,0.849009777569356,0.7067808527891202,"[[30492  2721]
 [ 7483 27121]]"
6,,,0.33685032881374627,85.75430939145052,0.8575056059613932,0.7165521100960066,"[[29381  3832]
 [ 5829 28775]]"
6,,,0.33417310385771515,85.88407036583747,0.8588354799697628,0.7191449099366025,"[[29165  3797]
 [ 5776 29079]]"
7,,,0.35911528723982145,84.95362519722194,0.849009777569356,0.7067808527891202,"[[30492  2721]
 [ 7483 27121]]"
7,,,0.35748446393968925,84.98606544081868,0.8494123503335121,0.7076495563202831,"[[30255  2707]
 [ 7475 27380]]"
7,,,0.35748446393968925,84.98606544081868,0.8494123503335121,0.7076495563202831,"[[30255  2707]
 [ 7475 27380]]"
7,,,0.35911528723982145,84.95362519722194,0.849009777569356,0.7067808527891202,"[[30492  2721]
 [ 7483 27121]]"
8,,,0.355439610891747,85.16743589365498,0.8513351333912382,0.7099319407058554,"[[30094  2868]
 [ 7191 27664]]"
8,,,0.35701667712825647,85.13941931963961,0.8509850514880786,0.7091865439475494,"[[30333  2880]
 [ 7198 27406]]"
7,,,0.34256274818249466,85.1025554064615,0.8509185846473012,0.702177876078785,"[[27537  5676]
 [ 4427 30177]]"
7,,,0.33963344046529736,85.30162053762331,0.852905214369968,0.7059279875740531,"[[27407  5555]
 [ 4413 30442]]"
8,,,0.35701667712825647,85.13941931963961,0.8509850514880786,0.7091865439475494,"[[30333  2880]
 [ 7198 27406]]"
8,,,0.355439610891747,85.16743589365498,0.8513351333912382,0.7099319407058554,"[[30094  2868]
 [ 7191 27664]]"
8,,,0.35701667712825647,85.13941931963961,0.8509850514880786,0.7091865439475494,"[[30333  2880]
 [ 7198 27406]]"
8,,,0.355439610891747,85.16743589365498,0.8513351333912382,0.7099319407058554,"[[30094  2868]
 [ 7191 27664]]"
9,,,0.3515277547375211,85.34143356385567,0.8531826395678896,0.7119874228455774,"[[29893  3069]
 [ 6872 27983]]"
9,,,0.3532169692780612,85.32963711163868,0.8530018127300977,0.7116365049164539,"[[30144  3069]
 [ 6880 27724]]"
8,,,0.3470893123802149,84.77815297049412,0.8474979268959311,0.6966316600337407,"[[26897  6316]
 [ 4007 30597]]"
8,,,0.34394362615245694,84.96247253638468,0.8493267422023553,0.6999641780421593,"[[26757  6205]
 [ 3993 30862]]"
9,,,0.3532169692780612,85.32963711163868,0.8530018127300977,0.7116365049164539,"[[30144  3069]
 [ 6880 27724]]"
9,,,0.3515277547375211,85.34143356385567,0.8531826395678896,0.7119874228455774,"[[29893  3069]
 [ 6872 27983]]"
9,,,0.3532169692780612,85.32963711163868,0.8530018127300977,0.7116365049164539,"[[30144  3069]
 [ 6880 27724]]"
9,,,0.3515277547375211,85.34143356385567,0.8531826395678896,0.7119874228455774,"[[29893  3069]
 [ 6872 27983]]"
9,,,0.34971734678970195,84.59825707418494,0.8455831205109483,0.6937237123641826,"[[26580  6633]
 [ 3812 30792]]"
9,,,0.3463272644804334,84.87105003170296,0.8482953481452549,0.6987732851342435,"[[26471  6491]
 [ 3769 31086]]"
0,,,0.7801260701890261,23.249332763171477,0.2018617861617558,-0.5935788530115531,"[[  770 32192]
 [19858 14997]]"
0,,,0.7792914946124239,23.14169013669139,0.1996960058148236,-0.594518525470396,"[[  754 32459]
 [19664 14940]]"
1,,,0.7435818888106436,31.46998540189038,0.24925258794937113,-0.47894593426820375,"[[  218 32744]
 [13731 21124]]"
1,,,0.7430449387374914,31.425748706076646,0.24705352445832263,-0.47794161872814583,"[[  204 33009]
 [13496 21108]]"
2,,,0.6738477182275844,71.44963652181606,0.7103891074114835,0.435125086464852,"[[19696 13266]
 [ 6096 28759]]"
2,,,0.6735244727921936,71.55580459176903,0.7115216055688509,0.4388612075498983,"[[19895 13318]
 [ 5972 28632]]"
3,,,0.575687235256411,85.22641815473996,0.8522756146608724,0.7049320844268316,"[[28730  4483]
 [ 5536 29068]]"
3,,,0.575318066297837,85.27507852013507,0.8527781188985432,0.7059587762177368,"[[28545  4417]
 [ 5569 29286]]"
4,,,0.5021557553478007,85.56556615597859,0.8556039820529331,0.7130048030574516,"[[29396  3817]
 [ 5972 28632]]"
4,,,0.5012061460119374,85.6024300691567,0.8560059418391455,0.7137890514639776,"[[29162  3800]
 [ 5964 28891]]"
5,,,0.4477650875752827,85.67615789551293,0.8567625722179042,0.7148353730541692,"[[29043  3919]
 [ 5795 29060]]"
5,,,0.449139922182515,85.58031172124983,0.8557803798568722,0.7127960116183124,"[[29221  3992]
 [ 5787 28817]]"
6,,,0.4026753604130925,85.6923780173113,0.8568927130160298,0.7151955460113757,"[[29318  3895]
 [ 5808 28796]]"
6,,,0.4007751757525048,85.76758040019465,0.857674918333359,0.7167104602426905,"[[29090  3872]
 [ 5780 29075]]"
7,,,0.37911164122370056,85.63339575622632,0.8563490252889835,0.7128409979821041,"[[28708  4505]
 [ 5238 29366]]"
7,,,0.3770985059580713,85.69975079994691,0.8570242659710369,0.7141291367509777,"[[28492  4470]
 [ 5228 29627]]"
8,,,0.36222076818065824,85.7410383827064,0.8573854754999461,0.7160584731942126,"[[29293  3920]
 [ 5750 28854]]"
8,,,0.3600608029174355,85.82066443517112,0.8582106326343656,0.7176527899133502,"[[29065  3897]
 [ 5719 29136]]"
9,,,0.35271076378676125,85.77642773935739,0.8577122611925303,0.7179348256577258,"[[29415  3547]
 [ 6099 28756]]"
9,,,0.3550415991190469,85.65993777371456,0.8565019293524413,0.7156217803644263,"[[29648  3565]
 [ 6160 28444]]"
0,,,0.34161150254449757,85.69532713036554,0.856857477893091,0.7163093580608616,"[[29654  3559]
 [ 6142 28462]]"
0,,,0.33902674342663786,85.80002064379138,0.8579518063778561,0.718341933343899,"[[29405  3557]
 [ 6073 28782]]"
1,,,0.3416211987863172,85.70269991300117,0.8569320756363925,0.7164445889546935,"[[29653  3560]
 [ 6136 28468]]"
1,,,0.33901370775024847,85.83541000044237,0.8583056270499587,0.7190543734259902,"[[29418  3544]
 [ 6062 28793]]"
2,,,0.34163135221263147,85.71449636521817,0.857052675328728,0.716641886747431,"[[29646  3567]
 [ 6121 28483]]"
2,,,0.3390899976047705,85.819189878644,0.8581440473314267,0.7187168489325059,"[[29409  3553]
 [ 6064 28791]]"
3,,,0.34153286924339693,85.71744547827241,0.8570786921421893,0.7167542917509961,"[[29662  3551]
 [ 6135 28469]]"
3,,,0.33898417110431867,85.8014952003185,0.8579674268231843,0.7183552292527562,"[[29401  3561]
 [ 6068 28787]]"
4,,,0.3416557478314301,85.69532713036554,0.856857477893091,0.7163093580608616,"[[29654  3559]
 [ 6142 28462]]"
4,,,0.33903353073686926,85.79707153073713,0.8579219168652247,0.7182900977934725,"[[29406  3556]
 [ 6076 28779]]"
5,,,0.34162391899329314,85.72629281743515,0.857169558549149,0.7168959341069189,"[[29655  3558]
 [ 6122 28482]]"
5,,,0.3390219580733551,85.819189878644,0.8581448173486604,0.7187024337325767,"[[29405  3557]
 [ 6060 28795]]"
6,,,0.3416500765900567,85.72334370438091,0.8571388841519361,0.7168546254302751,"[[29659  3554]
 [ 6128 28476]]"
6,,,0.33898324395688073,85.81181709600837,0.8580717359162225,0.7185421862546055,"[[29399  3563]
 [ 6059 28796]]"
7,,,0.3416034521781049,85.70269991300117,0.8569290124993045,0.7164911174582156,"[[29666  3547]
 [ 6149 28455]]"
7,,,0.33903436560956934,85.8132916525355,0.8580858155049874,0.718584298701556,"[[29403  3559]
 [ 6062 28793]]"
8,,,0.34156696394367037,85.70564902605541,0.8569618201785653,0.716500112970093,"[[29653  3560]
 [ 6134 28470]]"
8,,,0.33903184652609647,85.79412241768289,0.8578939633072361,0.7182021588552019,"[[29397  3565]
 [ 6069 28786]]"
9,,,0.3415946148757665,85.71007269563678,0.8570062029580938,0.7165869610949962,"[[29654  3559]
 [ 6132 28472]]"
9,,,0.3391162524667551,85.807393426427,0.8580262360387532,0.7184769693477535,"[[29404  3558]
 [ 6067 28788]]"
